,title,extracted_keyword_sent
0,Anatomy-Driven Pathology Detection on Chest X-rays,none
1,Self-supervised Learning for Physiologically-Based Pharmacokinetic Modeling in Dynamic PET,none
2,AME-CAM: Attentive Multiple-Exit CAM for Weakly Supervised Segmentation on MRI Brain Tumor,none
3,Weakly-Supervised Positional Contrastive Learning: Application to Cirrhosis Classification,none
4,Unsupervised Discovery of 3D Hierarchical Structure with Generative Diffusion Features,none
5,S 2 ME: Spatial-Spectral Mutual Teaching and Ensemble Learning for Scribble-Supervised Polyp Segmentation,none
6,Tracking Adaptation to Improve SuperPoint for 3D Reconstruction in Endoscopy,none
7,Black-box Domain Adaptative Cell Segmentation via Multi-source Distillation,"accordingly, direct knowledge transfer
using the output of the source domain predictor may lead to feature bias in the
student model due to the unavoidable covariance [20] between the target and
source domains."
8,Black-box Domain Adaptative Cell Segmentation via Multi-source Distillation,"for single-source domain
adaptation approach, cellsegssda and sfda-dpl, we employ two strategies to
ensure the fairness of the experiments: (1) single-source, i.e."
9,Self-Supervised Domain Adaptive Segmentation of Breast Cancer via Test-Time Fine-Tuning,none
10,PET-Diffusion: Unsupervised PET Enhancement Based on the Latent Diffusion Model,"denoting the output of previous layer as z p et ,
the ct-guided cross-attention can be formulated as follows:where d is the number
of channels, b is the position bias, and conv(•) denotes the 1 × 1 × 1
convolution with stride of 1."
11,3D Arterial Segmentation via Single 2D Projections and Depth Supervision in Contrast-Enhanced CT Images,none
12,Mesh2SSM: From Surface Meshes to Statistical Shape Models of Anatomy,"mesh2ssm also includes an analysis
network that operates on the learned correspondences to obtain a data-driven
template point cloud (i.e., template point cloud), which can replace the initial
template, and hence reducing the bias that could arise from template selection."
13,Mesh2SSM: From Surface Meshes to Statistical Shape Models of Anatomy,"incorporating template feedback loop via vae [13,21] analysis module helps in
mitigating bias and capturing non-linear characteristics of the data."
14,Cross-Adversarial Local Distribution Regularization for Semi-supervised Medical Image Segmentation,none
15,Infusing Physically Inspired Known Operators in Deep Models of Ultrasound Elastography,"it should be noted in contrast to [5] in which
only out-of-range samples were contributing to the loss, in this work, all
samples contribute to l vd to reduce the estimation bias.3-smoothness of epr is
considered by:4-picture loss is defined as l v = l vd + λ vs × l vs , where λ vs
is the weight of the smoothness loss."
16,SLPD: Slide-Level Prototypical Distillation for WSIs,"however, the
obtained clustering centers, i.e., the prototypes, are inclined to represent the
visual bias related to staining or scanning procedure rather than medically
relevant features [33]."
17,PROnet: Point Refinement Using Shape-Guided Offset Map for Nuclei Instance Segmentation,none
18,Many Tasks Make Light Work: Learning to Localise Medical Anomalies from Multiple Synthetic Tasks,none
19,TPRO: Text-Prompting-Based Weakly Supervised Histopathology Tissue Segmentation,none
20,VesselVAE: Recursive Variational Autoencoders for 3D Blood Vessel Synthesis,none
21,MetaLR: Meta-tuning of Learning Rates for Transfer Learning in Medical Imaging,"moreover, although the generalization validation on the training data batch may
introduce bias, providing sufficient training data ultimately benefits the
performance."
22,DAS-MIL: Distilling Across Scales for MIL Classification of Histological WSIs,none
23,Pick the Best Pre-trained Model: Towards Transferability Estimation for Medical Image Segmentation,none
24,vox2vec: A Framework for Self-supervised Contrastive Learning of Voxel-Level Representations in Medical Images,none
25,Multi-Target Domain Adaptation with Prompt Learning for Medical Image Segmentation,none
26,Spectral Adversarial MixUp for Few-Shot Unsupervised Domain Adaptation,none
27,Gall Bladder Cancer Detection from US Images with only Image Level Labels,none
28,Structured State Space Models for Multiple Instance Learning in Digital Pathology,none
29,Multi-scale Self-Supervised Learning for Longitudinal Lesion Tracking with Optional Supervision,none
30,Geometry-Invariant Abnormality Detection,none
31,Interpretable Medical Image Classification Using Prototype Learning and Privileged Information,none
32,Incremental Learning for Heterogeneous Structure Segmentation in Brain Tumor MRI,none
33,ArSDM: Colonoscopy Images Synthesis with Adaptive Refinement Semantic Diffusion Models,"through extensive
experiments, we found inaccurate sample images with coarse polyp boundary that
is not aligned properly with the original masks may introduce large biases and
noises to the datasets."
34,Synthetic Augmentation with Large-Scale Unconditional Pre-training,"by ensuring that the fine-tuning
process is representative of the entire dataset through even sampling from each
tissue type, we can eliminate bias towards any particular tissue type."
35,Learning Transferable Object-Centric Diffeomorphic Transformations for Data Augmentation in Medical Image Segmentation,none
36,Longitudinal Multimodal Transformer Integrating Imaging and Latent Clinical Signatures from Routine EHRs for Pulmonary Nodule Classification,none
37,Partially Supervised Multi-organ Segmentation via Affinity-Aware Consistency Learning and Cross Site Feature Alignment,none
38,Centroid-Aware Feature Recalibration for Cancer Grading in Pathology Images,none
39,Explaining Massive-Training Artificial Neural Networks in Medical Image Analysis Task Through Visualizing Functions Within the Models,none
40,FeSViBS: Federated Split Learning of Vision Transformer with Block Sampling,none
41,TransLiver: A Hybrid Transformer Model for Multi-phase Liver Lesion Classification,"first,
pure vit has several limitations itself [6], including ignoring local
information within each patch, extracting only single-scale features, and
lacking inductive bias."
42,TransLiver: A Hybrid Transformer Model for Multi-phase Liver Lesion Classification,"considering the fairness, all the models below are
initialized with pre-trained weights and adopt 2-d structures using the same
slice-level classification strategy."
43,Adaptive Region Selection for Active Learning in Whole Slide Image Semantic Segmentation,none
44,COLosSAL: A Benchmark for Cold-Start Active Learning for 3D Medical Image Segmentation,none
45,Explainable Image Classification with Improved Trustworthiness for Tissue Characterisation,none
46,Continual Learning for Abdominal Multi-organ and Tumor Segmentation,none
47,Efficient Subclass Segmentation in Medical Images,"while mixing up only the semantic foreground provides a way of exchanging
knowledge between similar foreground objects while lifting the confirmation bias
in pseudo labeling [1]."
48,Towards AI-Driven Radiology Education: A Self-supervised Segmentation-Based Framework for High-Precision Medical Image Editing,none
49,Localized Region Contrast for Enhancing Self-supervised Learning in Medical Image Segmentation,"in
the opposite, when the number of samples n is large, the sampling bias can be
high, since the number of pixels can be smaller than n ."
50,FedGrav: An Adaptive Federated Aggregation Algorithm for Multi-institutional Medical Image Segmentation,none
51,Faithful Synthesis of Low-Dose Contrast-Enhanced Brain MRI Scans Using Noise-Preserving Conditional GANs,none
52,A Spatial-Temporal Deformable Attention Based Framework for Breast Lesion Detection in Videos,none
53,DeDA: Deep Directed Accumulator,"despite the effectiveness of general inductive
biases like translation equivariance [15] and locality [16], the diverse nature
of the gradient field map of the qsm images presents normalized gradient vectors
(the darker the blue, the larger the gradient vector's magnitude)."
54,DeDA: Deep Directed Accumulator,"consequently, the question of how
to incorporate domain-specific inductive biases, or priors, beyond general ones
into neural networks for medical image processing remains an open challenge.in
this study, we strive to answer this question by addressing the identification
problem associated with a specific type of multiple sclerosis (ms) lesion,
referred to as a chronic active lesion, or rim+ lesion."
55,DeDA: Deep Directed Accumulator,"transformer-based networks with fewer inductive biases rely heavily on the
use of a large training dataset or depends strongly on the feature reuse [19],
as a result, these networks as well as cnns with deeper structures are prone to
overfit small datasets.implementation details: a stratified five-fold
cross-validation procedure was applied to train and validate the performance,
and all experiments including ablation study were carried out within this
setting."
56,OpenAL: An Efficient Deep Active Learning Framework for Open-Set Pathology Image Classification,none
57,SFusion: Self-attention Based N-to-One Multimodal Fusion Block,"therefore, it has to simulate
missing data by crudely zero-padding or replacing it with similar modalities,
which inevitably introduces a bias in computation and causes performance
degradation [5,18,25].transformer has achieved success in the field of computer
vision, demonstrating that self-attention mechanism has the ability to capture
the latent correlation of image tokens."
58,VISA-FSS: A Volume-Informed Self Supervised Approach for Few-Shot 3D Segmentation,none
59,ECL: Class-Enhancement Contrastive Learning for Long-Tailed Skin Lesion Classification,"thus,
existing public skin datasets usually suffer from imbalanced problems which then
results in class bias of classifier, for example, poor model performance
especially on tail lesion types.to tackle the challenge of learning unbiased
classifiers with imbalanced data, many previous works focus on three main ideas,
including re-sampling data [1,18], re-weighting loss [2,15,22] and re-balancing
training strategies [10,23]."
60,ECL: Class-Enhancement Contrastive Learning for Long-Tailed Skin Lesion Classification,"to ensure fairness, we re-train all methods by rerun their released codes
on our divided datasets with the same experimental settings."
61,SLPT: Selective Labeling Meets Prompt Tuning on Label-Limited Lesion Segmentation,"to ensure fairness and eliminate model ensemble effects,
we only used the model's prediction with k = 1 during testing."
62,UniSeg: A Prompt-Driven Universal Segmentation Model as Well as A Strong Representation Learner,"(2) most segmentation tasks face the limitation of a small
labeled dataset, especially for 3d segmentation tasks, since pixel-wise 3d image
annotation is labor-intensive, time-consuming, and susceptible to operator bias."
63,Cross-Modulated Few-Shot Image Generation for Colorectal Tissue Classification,none
64,Unpaired Cross-Modal Interaction Learning for COVID-19 Segmentation on Limited CT Images,none
65,Structure-Preserving Instance Segmentation via Skeleton-Aware Distance Transform,none
66,DAST: Differentiable Architecture Search with Transformer for 3D Medical Image Segmentation,"the transformer block is crafted with
longrange dependency inside sequences with marginal inductive bias."
67,DAST: Differentiable Architecture Search with Transformer for 3D Medical Image Segmentation,"intrinsically, it
shall benefit from inductive biases of these two popular deep learning
ingredients."
68,DAST: Differentiable Architecture Search with Transformer for 3D Medical Image Segmentation,"such models benefit from the different
inductive biases introduced by these two operations."
69,MultiTalent: A Multi-dataset Approach to Medical Image Segmentation,none
70,Co-assistant Networks for Label Correction,"for fairness, in our
experiments, we adopt the same neural network for all comparison methods based
on their public codes and default parameter settings."
71,Pre-trained Diffusion Models for Plug-and-Play Medical Image Enhancement,none
72,Robust T-Loss for Medical Image Segmentation,"in addition, medical image
annotations can be affected by human bias and poor inter-annotator agreement
[23], further complicating the process."
73,Multi-Head Multi-Loss Model Calibration,none
74,Guiding the Guidance: A Comparative Analysis of User Guidance Signals for Interactive Segmentation of Volumetric Images,none
75,Laplacian-Former: Overcoming the Limitations of Vision Transformers in Local Texture Detection,none
76,Understanding Silent Failures in Medical Image Classification,none
77,Evidence Reconciled Neural Network for Out-of-Distribution Detection in Medical Images,"to ensure fairness, we used pretrained resnet34 [9] as
backbone for all methods."
78,Scale-Aware Test-Time Click Adaptation for Pulmonary Nodule and Mass Segmentation,none
79,WeakPolyp: You only Look Bounding Box for Polyp Segmentation,"this indirect supervision avoids the misleading of box-shape bias of
annotations."
80,WeakPolyp: You only Look Bounding Box for Polyp Segmentation,"because
there is a strong box-shape bias in b."
81,WeakPolyp: You only Look Bounding Box for Polyp Segmentation,"training with this bias, the model is
forced to predict the box-shape mask, unable to maintain the polyp's contours."
82,WeakPolyp: You only Look Bounding Box for Polyp Segmentation,"this indirect supervision
separates p 1 /p 2 from b so that p 1 /p 2 is not affected by the shape bias of
b while obtaining the position and extent of polyps."
83,WeakPolyp: You only Look Bounding Box for Polyp Segmentation,"because both t 1 /t 2 and b are
box-like masks, we directly calculate the supervision loss between them without
worrying about the misguidance of box-shape bias."
84,Shifting More Attention to Breast Lesion Segmentation in Ultrasound Videos,none
85,ACC-UNet: A Completely Convolutional UNet Model for the 2020s,"smeswin-unet fell behind
in all the cases, despite having such a large number of parameters, which in
turn probably makes it difficult to be trained on small-scale datasets.however,
our model combining the design principles of transformers with the inductive
bias of cnns seemed to perform best in all the different categories with much
lower parameters."
86,ACC-UNet: A Completely Convolutional UNet Model for the 2020s,"the
resultant acc-unet possesses the inductive bias of cnns infused with long-range
and multi-level feature accumulation of transformers."
87,FocalUNETR: A Focal Transformer for Boundary-Aware Prostate Segmentation Using CT Images,"despite good progress, these methods often have
limitations in capturing long-range relationships and global context information
[2] due to the inherent bias of convolutional operations."
88,FocalUNETR: A Focal Transformer for Boundary-Aware Prostate Segmentation Using CT Images,"after obtaining the pooled feature mapsx l l 1 , we calculate the
query at the first level and key and value for all levels using three linear
projection layers f q , f k , and f v :for the queries inside the i-th window q
i ∈ r d×sw×sw , we extract the s l r × s l r keys and values from k l and v l
around the window where the query lies in and then gather the keys and values
from all l to obtainfinally, a relative position bias is added to compute the
focal sa forwhere b = {b l } l 1 is the learnable relative position bias [24]."
89,Asymmetric Contour Uncertainty Estimation for Medical Image Segmentation,none
90,DHC: Dual-Debiased Heterogeneous Co-training Framework for Class-Imbalanced Semi-supervised Medical Image Segmentation,"[1] introduced a robust class-wise sampling strategy to
address the learning bias by maintaining performance indicators on the fly and
using fuzzy fusion to dynamically obtain the class-wise sampling rates."
91,DHC: Dual-Debiased Heterogeneous Co-training Framework for Class-Imbalanced Semi-supervised Medical Image Segmentation,"[10] proposed cld to address the data bias by weighting the overall loss
function based on the voxel number of each class."
92,DHC: Dual-Debiased Heterogeneous Co-training Framework for Class-Imbalanced Semi-supervised Medical Image Segmentation,"the key idea of heterogeneous co-training
is that individual learners in an ensemble model should be both accurate and
diverse, as stated in the error-ambiguity decomposition [8].to achieve this, we
propose distdw (distribution-aware debiased weighting) and diffdw (diff
iculty-aware debiased weighting) strategies to guide the two sub-models to
tackle different biases, leading to heterogeneous learning directions."
93,DHC: Dual-Debiased Heterogeneous Co-training Framework for Class-Imbalanced Semi-supervised Medical Image Segmentation,"specifically, distdw solves the data bias by calculating the imbalance ratio
with the unlabeled data and forcing the model to focus on extreme minority
classes through careful function design."
94,DHC: Dual-Debiased Heterogeneous Co-training Framework for Class-Imbalanced Semi-supervised Medical Image Segmentation,"1(b)), diffdw is
designed to solve the learning bias."
95,DHC: Dual-Debiased Heterogeneous Co-training Framework for Class-Imbalanced Semi-supervised Medical Image Segmentation,"1(c)), which satisfies the design ethos of a heterogeneous framework.the
key contributions of our work can be summarized as follows: 1) we first state
the homogeneity issue of cps and improve it with a novel dual-debiased
heterogeneous co-training framework targeting the class imbalance issue; 2) we
propose two novel weighting strategies, distdw and diffdw, which effectively
solve two critical issues of ssl: data and learning biases; 3) we introduce two
public datasets, synapse [9] and amos [7], as new benchmarks for
class-imbalanced semi-supervised medical image segmentation."
96,DHC: Dual-Debiased Heterogeneous Co-training Framework for Class-Imbalanced Semi-supervised Medical Image Segmentation,"dhc
leverages the benefits of combining two diverse and accurate sub-models with two
distinct learning objectives: alleviating data bias and learning bias."
97,DHC: Dual-Debiased Heterogeneous Co-training Framework for Class-Imbalanced Semi-supervised Medical Image Segmentation,"to mitigate the data distribution bias, we propose a simple yet efficient
reweighing strategy, distdw."
98,DHC: Dual-Debiased Heterogeneous Co-training Framework for Class-Imbalanced Semi-supervised Medical Image Segmentation,"blindly forcing the model to prioritize minority classes may
further exacerbate the learning bias, as some challenging classes may not be
learned to an adequate extent."
99,DHC: Dual-Debiased Heterogeneous Co-training Framework for Class-Imbalanced Semi-supervised Medical Image Segmentation,"distdw
('distdw-distdw') alleviates the bias of baseline on majority classes and thus
segments the minority classes (ra, la, es, etc.) very well."
100,DHC: Dual-Debiased Heterogeneous Co-training Framework for Class-Imbalanced Semi-supervised Medical Image Segmentation,"to
achieve it, we propose two diverse and accurate weighting strategies: distdw for
eliminating the data bias of majority classes and diffdw for eliminating the
learning bias of well-performed classes."
101,Anatomical-Aware Point-Voxel Network for Couinaud Segmentation in Liver CT,none
102,HENet: Hierarchical Enhancement Network for Pulmonary Vessel Segmentation in Non-contrast CT Images,none
103,Dice Semimetric Losses: Optimizing the Dice Score with Soft Labels,"that is, the bias of the estimation is bounded above by the
calibration error and this explains why the calibration of the teacher would be
important for the student."
104,Semi-supervised Domain Adaptive Medical Image Segmentation Through Consistency Regularized Disentangled Contrastive Learning,none
105,BerDiff: Conditional Bernoulli Diffusion Model for Medical Image Segmentation,none
106,Annotator Consensus Prediction for Medical Image Segmentation with Diffusion Models,none
107,Anti-adversarial Consistency Regularization for Data Augmentation: Applications to Robust Medical Image Segmentation,none
108,Multimodal CT and MR Segmentation of Head and Neck Organs-at-Risk,none
109,Learning Reliability of Multi modality Medical Images for Tumor Segmentation via Evidence Identified Denoising Diffusion Probabilistic Models,none
110,Breast Ultrasound Tumor Classification Using a Hybrid Multitask CNN-Transformer Network,"this is primarily because the
architectural design of vits does not rely on the same inductive biases in
feature extraction which allow cnns to learn spatially invariant
features.accordingly, numerous prior studies introduced modifications to the
original vit network specifically designed for bus image classification
[13,14,23]."
111,Breast Ultrasound Tumor Classification Using a Hybrid Multitask CNN-Transformer Network,"moreover,
multitask learning acts as a regularizer by introducing inductive bias and
prevents overfitting [25] (particularly with vits), and with that, can mitigate
the challenges posed by small bus dataset sizes."
112,Breast Ultrasound Tumor Classification Using a Hybrid Multitask CNN-Transformer Network,"to avoid data
leakage and bias, we selected the train, test, and validation sets based on the
cases, i.e., the images from one case (patient) were assigned to only one of the
training, validation, and test sets."
113,SwinUNETR-V2: Stronger Swin Transformers with Stagewise Convolutions for 3D Medical Image Segmentation,"the convolution operation in cnn provides a strong inductive bias
which is translational equivalent and efficient in capturing local features like
boundary and texture."
114,SwinUNETR-V2: Stronger Swin Transformers with Stagewise Convolutions for 3D Medical Image Segmentation,"however, this inductive bias limits the representation
power of cnn models which means a potentially lower performance ceiling on more
challenging tasks [7]."
115,SwinUNETR-V2: Stronger Swin Transformers with Stagewise Convolutions for 3D Medical Image Segmentation,"it has a
u-shaped structure where the encoder is a swin-transformer [16].although
transformers have achieved certain success in medical imaging, the lack of
inductive bias makes them harder to be trained and requires much more training
data to avoid overfitting."
116,SwinUNETR-V2: Stronger Swin Transformers with Stagewise Convolutions for 3D Medical Image Segmentation,"besides lacking
inductive bias and enough training data, one extra reason could be that
transformers are computationally much expensive and harder to tune."
117,SwinUNETR-V2: Stronger Swin Transformers with Stagewise Convolutions for 3D Medical Image Segmentation,"coatnet [5] unifies convolution and
self-attention with relative attention, while convit [7] uses gated positional
self-attention which is equipped with a soft convolutional inductive bias."
118,SwinUNETR-V2: Stronger Swin Transformers with Stagewise Convolutions for 3D Medical Image Segmentation,"although swin-transformer uses local window attention to introduce
inductive bias like convolutions, self-attentions can still mess up with the
local details."
119,SwinUNETR-V2: Stronger Swin Transformers with Stagewise Convolutions for 3D Medical Image Segmentation,"although existing
window-based attention already has a convolution-like inductive bias, it is
still not good enough for learning local details as convolutions."
120,SwinUNETR-V2: Stronger Swin Transformers with Stagewise Convolutions for 3D Medical Image Segmentation,"by only adding one resconv block at the beginning of each resolution
level, the features can be well-regularized while not too constrained by the
convolution inductive bias, and the computation cost will not increase by a lot."
121,SimPLe: Similarity-Aware Propagation Learning for Weakly-Supervised Breast Cancer Segmentation in DCE-MRI,none
122,Uncertainty-Informed Mutual Learning for Joint Medical Image Classification and Segmentation,none
123,Conditional Diffusion Models for Weakly Supervised Medical Image Segmentation,none
124,DBTrans: A Dual-Branch Vision Transformer for Multi-Modal Brain Tumor Segmentation,none
125,HartleyMHA: Self-attention in Frequency Domain for Resolution-Robust and Parameter-Efficient 3D Image Segmentation,none
126,MDViT: Multi-domain Vision Transformer for Small Medical Image Segmentation Datasets,"however, due to the lack of inductive biases, such as
weight sharing and locality, vits are more data-hungry than cnns, i.e., require
more data to train [31]."
127,MDViT: Multi-domain Vision Transformer for Small Medical Image Segmentation Datasets,"various strategies have been
proposed to address vits' data-hunger (table 1), mainly: adding inductive bias
by constructing a hybrid network that fuses a cnn with a vit [39], imitating
cnns' shifted filters and convolutional operations [7], or enhancing spatial
information learning [22]; sharing knowledge by transferring knowledge from a
cnn [31] or pertaining vits on multiple related tasks and then fine-tuning on a
down-stream task [37]; increasing data via augmentation [34]; and non-supervised
pre-training [8]."
128,MDViT: Multi-domain Vision Transformer for Small Medical Image Segmentation Datasets,"previous mis
vits mitigated the data-hunger in one dataset by adding inductive bias, e.g.,
swinunet the online version contains supplementary material available at
https://doi.org/10.1007/978-3-031-43901-8 43."
129,M-GenSeg: Domain Adaptation for Target Modality Tumor Segmentation with Annotation-Efficient Supervision,none
130,Edge-Aware Multi-task Network for Integrating Quantification Segmentation and Uncertainty Prediction of Liver Tumor on Multi-modality Non-contrast MRI,none
131,RCS-YOLO: A Fast and High-Accuracy Object Detector for Brain Tumor Detection,none
132,Certification of Deep Learning Models for Medical Image Segmentation,none
133,Category-Level Regularized Unlabeled-to-Labeled Learning for Semi-supervised Prostate Segmentation with Multi-site Unlabeled Data,"all methods are implemented
with the same backbone and training protocols to ensure fairness."
134,A Sheaf Theoretic Perspective for Robust Prostate Segmentation,"recent methods have utilized adversarial techniques,
such as advbias [11], which trains the model to generate bias field deformations
and enhance its robustness.randconv [33] incorporates a randomized convolution
layer to learn textural invariant features."
135,MedNeXt: Transformer-Driven Scaling of ConvNets for Medical Image Segmentation,"however, transformers are plagued by
the necessity of large annotated datasets to maximize performance benefits owing
to their limited inductive bias."
136,MedNeXt: Transformer-Driven Scaling of ConvNets for Medical Image Segmentation,"to retain the
inherent inductive bias of convolutions while taking advantage of architectural
improvements of transformers, the convnext [22] was recently introduced to
re-establish the competitive performance of convolutional networks for natural
images."
137,MedNeXt: Transformer-Driven Scaling of ConvNets for Medical Image Segmentation,"out-of-the-box
data-efficient solutions such as nnunet [13], using variants of a standard unet
[5], have still remained effective across a wide range of tasks.the convnext
architecture marries the scalability and long-range spatial representation
learning capabilities of vision [7] and swin transformers [21] with the inherent
inductive bias of convnets."
138,MedNeXt: Transformer-Driven Scaling of ConvNets for Medical Image Segmentation,"compression layer: convolution
layer with 1 × 1 × 1 kernel and c output channels performing channel-wise
compression of the feature maps.mednext is convolutional and retains the
inductive bias inherent to conv-nets that allows easier training on sparse
medical datasets."
139,MedNeXt: Transformer-Driven Scaling of ConvNets for Medical Image Segmentation,"specifically, swin transformers use a bias matrix b ∈
r (2m -1)×(2m -1) to store learnt relative positional embeddings, where m is the
number of patches in an attention window."
140,MedNeXt: Transformer-Driven Scaling of ConvNets for Medical Image Segmentation,"the authors proposed spatially
interpolating an existing bias matrix to the larger size as a pretraining step,
instead of training from scratch, which demonstrated improved performance."
141,Deep Probability Contour Framework for Tumour Segmentation and Dose Painting in PET Images,none
142,A2FSeg: Adaptive Multi-modal Fusion Network for Medical Image Segmentation,none
143,Pre-operative Survival Prediction of Diffuse Glioma Patients with Joint Tumor Subtyping,none
144,Medical Boundary Diffusion Model for Skin Lesion Segmentation,none
145,H-DenseFormer: An Efficient Hybrid Densely Connected Transformer for Multimodal Tumor Segmentation,none
146,TransNuSeg: A Lightweight Multi-task Transformer for Nuclei Segmentation,none
147,Learnable Cross-modal Knowledge Distillation for Multi-modal Learning with Missing Modality,"however, the aforementioned methods neglect the contribution biases
of different modalities and failed to consider keeping that knowledge.aiming at
this issue, we propose the non-dedicated training model1 learnable cross-modal
knowledge distillation (lckd) for tackling the missing modality issue."
148,QCResUNet: Joint Subject-Level and Voxel-Level Prediction of Segmentation Quality,none
149,EGE-UNet: An Efficient Group Enhanced UNet for Skin Lesion Segmentation,none
150,Diffusion Kinetic Model for Breast Cancer Segmentation in Incomplete DCE-MRI,no data augmentation techniques are used to ensure fairness.
151,Diffusion Kinetic Model for Breast Cancer Segmentation in Incomplete DCE-MRI,"no data augmentation techniques are used to ensure
fairness.comparison with sota methods: the quantitative comparison of the
proposed method to recent state-of-the-art methdos is reported in table 1."
152,Morphology-Inspired Unsupervised Gland Segmentation via Selective Semantic Grouping,none
153,EoFormer: Edge-Oriented Transformer for Brain Tumor Segmentation,"specifically, we explain the re-parameterization of the eol
module as follows:where ' * ' represents the convolution operation, w conv means
the weights of the convolution and b conv denotes the bias, and up(•) is the
spatial broadcasting operation ,which upgrades the bias b ∈ r 1×c×1×1×1 into
up(b) ∈ r 1×c×3×3×3 ."
154,EdgeMixup: Embarrassingly Simple Data Alteration to Improve Lyme Disease Lesion Segmentation and Diagnosis Fairness,"medical image analysis has greatly benefited from advances in ai [1] yet some
improvements still remain to be addressed, importantly in areas that allow both
algorithmic performance and fairness [2], and in certain medical applications
that promise to significantly lessen morbidity and mortality."
155,EdgeMixup: Embarrassingly Simple Data Alteration to Improve Lyme Disease Lesion Segmentation and Diagnosis Fairness,"therefore, existing skin disease segmentation [13] as
well as existing general segmentation works, such as u-net [14], polar training
[15], vit-adapter [16], and mfsnet [17], usually suffer from relatively low
performance and reduced fairness [2,18,19].in this paper, we present the first
lyme disease dataset that contains labeled segmentation and skin tones."
156,EdgeMixup: Embarrassingly Simple Data Alteration to Improve Lyme Disease Lesion Segmentation and Diagnosis Fairness,"our
dataset with manual labels is available at this url [20].secondly, we design a
simple yet novel data preprocessing and alternation method, called edgemixup, to
improve lyme disease segmentation and diagnosis fairness on samples with
different skin-tones."
157,EdgeMixup: Embarrassingly Simple Data Alteration to Improve Lyme Disease Lesion Segmentation and Diagnosis Fairness,"such an
improvement is an iterative process that gradually improves lesion edge
detection and segmentation fairness until convergence."
158,EdgeMixup: Embarrassingly Simple Data Alteration to Improve Lyme Disease Lesion Segmentation and Diagnosis Fairness,"then, the detected,
converged edge in the first step also helps classification of lyme diseases via
mixup with improved fairness."
159,EdgeMixup: Embarrassingly Simple Data Alteration to Improve Lyme Disease Lesion Segmentation and Diagnosis Fairness,"our
results show that edgemixup is able to increase segmentation utility and improve
fairness."
160,EdgeMixup: Embarrassingly Simple Data Alteration to Improve Lyme Disease Lesion Segmentation and Diagnosis Fairness,"we also show that the improved segmentation further improves
classification fairness as well as joint fairness-utility metrics compared to
existing debiasing methods, e.g., ad [21] and st-debias [22]."
161,EdgeMixup: Embarrassingly Simple Data Alteration to Improve Lyme Disease Lesion Segmentation and Diagnosis Fairness,"in this section, we first give the definition for model fairness, and we then
describe the design of edgemixup for the purpose of de-biasing in fig."
162,EdgeMixup: Embarrassingly Simple Data Alteration to Improve Lyme Disease Lesion Segmentation and Diagnosis Fairness,"2
edgemixup improves model fairness on light and dark skin samples in both
segmentation and classification tasks, and it has two major components: (i) edge
detection using mixup, and (ii) data preprocessing and alteration for downstream
tasks."
163,EdgeMixup: Embarrassingly Simple Data Alteration to Improve Lyme Disease Lesion Segmentation and Diagnosis Fairness,"note that the
initial edge detection is irrelevant to the sample size of a particular
subpopulation, thus improving the fairness."
164,EdgeMixup: Embarrassingly Simple Data Alteration to Improve Lyme Disease Lesion Segmentation and Diagnosis Fairness,"our evaluation metrics include (i) jaccard index (iou score), which
measures the similarity between a predicted mask and the manually annotated
ground truth, and (ii) the gap between jaccard values (j gap ) to measure
fairness."
165,EdgeMixup: Embarrassingly Simple Data Alteration to Improve Lyme Disease Lesion Segmentation and Diagnosis Fairness,"table 2 shows the performance and fairness of edgemixup and different
baselines."
166,EdgeMixup: Embarrassingly Simple Data Alteration to Improve Lyme Disease Lesion Segmentation and Diagnosis Fairness,"our evaluation metrics include accuracy gap, the (rawlsian) minimum
accuracy across subpopulations, area under the receiver operating characteristic
curve (auc), and joint metrics (cai α and cauci α ).table 3 shows utility
performance (acc and auc) and fairness results (gaps of acc and auc between ls
and ds subpopulations)."
167,EdgeMixup: Embarrassingly Simple Data Alteration to Improve Lyme Disease Lesion Segmentation and Diagnosis Fairness,"however, official datasets released, e.g., ham10000 [10] only
contains melanoma samples and all of the samples are with light skins according
to our inspection using ita scores.bias mitigation: researchers have addressed
bias and heterogeneity in deep learning models [18,29]."
168,EdgeMixup: Embarrassingly Simple Data Alteration to Improve Lyme Disease Lesion Segmentation and Diagnosis Fairness,"first, masking sensitive
factors in imagery is shown to improve fairness in object detection and action
recognition [30]."
169,EdgeMixup: Embarrassingly Simple Data Alteration to Improve Lyme Disease Lesion Segmentation and Diagnosis Fairness,"the key insight is a novel data
preprocessing method that utilizes edge detection and mixup to isolate and
highlight skin lesions and reduce bias."
170,Factor Space and Spectrum for Medical Hyperspectral Image Segmentation,none
171,Graph-Theoretic Automatic Lesion Tracking and Detection of Patterns of Lesion Changes in Longitudinal CT Studies,none
172,Robust Exclusive Adaptive Sparse Feature Selection for Biomarker Discovery and Early Diagnosis of Neuropsychiatric Systemic Lupus Erythematosus,none
173,CARL: Cross-Aligned Representation Learning for Multi-view Lung Cancer Histology Classification,none
174,Self- and Semi-supervised Learning for Gastroscopic Lesion Detection,none
175,Revisiting Feature Propagation and Aggregation in Polyp Segmentation,none
176,"Joint Prediction of Response to Therapy, Molecular Traits, and Spatial Organisation in Colorectal Cancer Biopsies",none
177,Automatic Bleeding Risk Rating System of Gastric Varices,none
178,Improving Outcome Prediction of Pulmonary Embolism by De-biased Multi-modality Model,"bias in medicine has demonstrated a notable challenge for providing
comprehensive and equitable care."
179,Improving Outcome Prediction of Pulmonary Embolism by De-biased Multi-modality Model,"implicit biases can negatively affect patient
care, particularly for marginalized populations with lower socioeconomic status
[30]."
180,Improving Outcome Prediction of Pulmonary Embolism by De-biased Multi-modality Model,"evidence has demonstrated that implicit biases in healthcare providers
could contribute to exacerbating these healthcare inequalities and create a more
unfair system for people of lower socioeconomic status [30]."
181,Improving Outcome Prediction of Pulmonary Embolism by De-biased Multi-modality Model,"based on the data
with racial bias, the unfairness presents in developing evaluative algorithms."
182,Improving Outcome Prediction of Pulmonary Embolism by De-biased Multi-modality Model,"along these advancements, bias in
healthcare and ai are exposing poignant gaps in the field's understanding of
model implementation and their utility [25,26]."
183,Improving Outcome Prediction of Pulmonary Embolism by De-biased Multi-modality Model,"ai model quality relies on input
data and addressing bias is a crucial research area."
184,Improving Outcome Prediction of Pulmonary Embolism by De-biased Multi-modality Model,"systemic bias poses a
greater threat to ai model's applications, as these biases can be baked right
into the model's decision process [22].pulmonary embolism (pe) is an example of
health disparities related to race."
185,Improving Outcome Prediction of Pulmonary Embolism by De-biased Multi-modality Model,"survival
analysis is often used in pe to assess how survival is affected by different
variables, using a statistical method like kaplan-meier method and cox
proportional-hazards regression model [7,12,14].however, one issue with
traditional survival analysis is bias from single modal data that gets
compounded when curating multimodal datasets, as different combinations of modes
and datasets create with a unified structure."
186,Improving Outcome Prediction of Pulmonary Embolism by De-biased Multi-modality Model,"multimodal data sets are useful
for fair ai model development as the bias complementary from different sources
can make de-biased decisions and assessments."
187,Improving Outcome Prediction of Pulmonary Embolism by De-biased Multi-modality Model,"in that process, the biases of
each individual data set will get pooled together, creating a multimodal data
set that inherits multiple biases, such as racial bias [1,15,23]."
188,Improving Outcome Prediction of Pulmonary Embolism by De-biased Multi-modality Model,"in addition,
it has been found that creating multimodal datasets without any debiasing
techniques does not improve performance significantly and does increase bias and
reduce fairness [5]."
189,Improving Outcome Prediction of Pulmonary Embolism by De-biased Multi-modality Model,"overall, a holistic approach to model development would be
beneficial in reducing bias aggregation in multimodal datasets."
190,Improving Outcome Prediction of Pulmonary Embolism by De-biased Multi-modality Model,"in recent years,
disentangled representation learning (drl) [4] for bias disentanglement improves
model generalization for fairness [3,6,27].we developed a pe outcome model that
predicted mortality and detected bias in the output."
191,Improving Outcome Prediction of Pulmonary Embolism by De-biased Multi-modality Model,"we then implemented methods
to remove racial bias in our dataset and model and output unbiased pe outcomes
as a result."
192,Improving Outcome Prediction of Pulmonary Embolism by De-biased Multi-modality Model,"our contributions are as follows: (1) we identified bias diversity
in multimodal information using a survival prediction fusion framework."
193,Improving Outcome Prediction of Pulmonary Embolism by De-biased Multi-modality Model,"(2) we
proposed a de-biased survival prediction framework with demographic bias
disentanglement."
194,Improving Outcome Prediction of Pulmonary Embolism by De-biased Multi-modality Model,"(3) the multimodal cph learning models improve fairness with
unbiased features."
195,Improving Outcome Prediction of Pulmonary Embolism by De-biased Multi-modality Model,"this section describes the detail of how we identify the varying degrees of bias
in multimodal information and illustrates bias using the relative difference in
survival outcomes."
196,Improving Outcome Prediction of Pulmonary Embolism by De-biased Multi-modality Model,"for each patient, the race labels, survival time-to-event labels and
pesi variables are collected from clinical data, and the 11 pesi variables are
used to calculate the pesi scores, which include age, sex, comorbid illnesses
(cancer, heart failure, chronic lung disease), pulse, systolic blood pressure,
respiratory rate, temperature, altered mental status, and arterial oxygen
saturation at the time of diagnosis [2].diverse bias of multimodal survival
prediction model."
197,Improving Outcome Prediction of Pulmonary Embolism by De-biased Multi-modality Model,"this
redundancy leads to model overfitting on race, compromising the fairness of risk
prediction across different races."
198,Improving Outcome Prediction of Pulmonary Embolism by De-biased Multi-modality Model,"besides, clinical data in the form of text
reports and pesi variables objectively reflect the patient's physiological
information and the physician's diagnosis, exhibiting smaller race biases in
correlation with survival across different races."
199,Improving Outcome Prediction of Pulmonary Embolism by De-biased Multi-modality Model,"2, we
present a feature-level de-biased sp module that enhances fairness in survival
outcomes by decoupling race attributes, as shown in the lower right of fig."
200,Improving Outcome Prediction of Pulmonary Embolism by De-biased Multi-modality Model,"in
general, our framework including de-biased sp modules shows significantly better
predictions in testing set than the pesi-based outcome estimation with c-indexes
of 0.669, 0.654, 0.697, 0.043 for the overall testset, white testset, color
testset and race bias."
201,Improving Outcome Prediction of Pulmonary Embolism by De-biased Multi-modality Model,"the de-biased results outperform the baseline in overall
survival c-index and show a lower race bias, especially in imaging-and
fusion-based predictions."
202,Improving Outcome Prediction of Pulmonary Embolism by De-biased Multi-modality Model,"the results also prove the observations
for the different biases present in different modalities, especially in the ctpa
images containing more abundant race-related information."
203,Improving Outcome Prediction of Pulmonary Embolism by De-biased Multi-modality Model,"we observe the disentanglement in
the visualization of the id features z id , while the survival features z sur
eliminate the race bias."
204,Improving Outcome Prediction of Pulmonary Embolism by De-biased Multi-modality Model,"the lack of apparent race bias observed in both the
original features and those encoded in the baseline can be attributed to the
subordinate role that id features play in the multimodal information."
205,Improving Outcome Prediction of Pulmonary Embolism by De-biased Multi-modality Model,"the swapping augmentation provides a strong bias
correction effect for image data with obvious bias."
206,Improving Outcome Prediction of Pulmonary Embolism by De-biased Multi-modality Model,"we detected indications of racial bias in our dataset and
conducted an analysis of the multimodal diversity."
207,Improving Outcome Prediction of Pulmonary Embolism by De-biased Multi-modality Model,"experimental results
illustrate that our approach is effective for eliminating racial bias while
resulting in an overall improved model performance."
208,Improving Outcome Prediction of Pulmonary Embolism by De-biased Multi-modality Model,"the proposed technique is
clinically relevant as it can address the pervasive presence of racial bias in
healthcare systems and offer a solution for minimizing or eliminating bias
without pausing to evaluate their affection for the models and tools."
209,Improving Outcome Prediction of Pulmonary Embolism by De-biased Multi-modality Model,"our study
is significant as it highlights and evaluates the negative impact of racial bias
on deep learning models."
210,Improving Outcome Prediction of Pulmonary Embolism by De-biased Multi-modality Model,"the research in our paper demonstrates and proves that eliminating
racial biases from data improves performance, and yields a more precise and
robust survival prediction tool."
211,Enhancing Breast Cancer Risk Prediction by Incorporating Prior Images,none
212,Parse and Recall: Towards Accurate Lung Nodule Malignancy Prediction Like Radiologists,none
213,M&M: Tackling False Positives in Mammography with a Multi-view and Multi-instance Learning Sparse Detector,none
214,Reversing the Abnormal: Pseudo-Healthy Generative Networks for Anomaly Detection,none
215,SHISRCNet: Super-Resolution and Classification Network for Low-Resolution Breast Cancer Histopathology Image,none
216,Text-Guided Foundation Model Adaptation for Pathological Image Classification,none
217,Distributionally Robust Image Classifiers for Stroke Diagnosis in Accelerated MRI,none
218,Contrastive Feature Decoupling for Weakly-Supervised Disease Detection,none
219,Multiple Prompt Fusion for Zero-Shot Lesion Detection Using Vision-Language Models,none
220,Fast Non-Markovian Diffusion Model for Weakly Supervised Anomaly Detection in Brain MR Images,none
221,MUVF-YOLOX: A Multi-modal Ultrasound Video Fusion Network for Renal Tumor Diagnosis,none
222,Patients and Slides are Equal: A Multi-level Multi-instance Learning Framework for Pathological Image Analysis,"b
1 and b 2 are bias vectors."
223,Learning with Synthesized Data for Generalizable Lesion Detection in Real PET Images,none
224,What Do AEs Learn? Challenging Common Assumptions in Unsupervised Anomaly Detection,none
225,Improved Prognostic Prediction of Pancreatic Cancer Using Multi-phase CT by Integrating Neural Distance and Texture-Aware Transformer,none
226,DCAug: Domain-Aware and Content-Consistent Cross-Cycle Framework for Tumor Augmentation,none
227,Cluster-Induced Mask Transformers for Effective Opportunistic Gastric Cancer Screening on Non-contrast CT Scans,none
228,Self-supervised Polyp Re-identification in Colonoscopy,none
229,YONA: You Only Need One Adjacent Reference-Frame for Accurate and Fast Video Polyp Detection,"for the fairness of the experiments, we
keep the same dataset settings for yona and all other methods."
230,Boosting Breast Ultrasound Video Classification by the Guidance of Keyframe Feature Centers,"for fairness comparison, we train these models
using both video and image data, treating images as static videos."
231,Text-Guided Cross-Position Attention for Segmentation: Case of Medical Image,none
232,Detecting Domain Shift in Multiple Instance Learning for Digital Pathology Using Fréchet Domain Distance,none
233,Liver Tumor Screening and Diagnosis in CT with Pixel-Lesion-Patient Network,"such metrics cannot reflect the
lesion-level accuracy (how many lesion instances are correctly detected and
classified) and may bias to large lesions when a patient has multiple tumors."
234,Self-supervised Learning for Endoscopic Video Analysis,none
235,Merging-Diverging Hybrid Transformer Networks for Survival Prediction in Head and Neck Cancer,none
236,ALL-IN: A Local GLobal Graph-Based DIstillatioN Model for Representation Learning of Gigapixel Histopathology Images With Application In Cancer Risk Assessment,none
237,DARC: Distribution-Aware Re-Coloring Model for Generalizable Nucleus Segmentation,none
238,An AI-Ready Multiplex Staining Dataset for Reproducible and Accurate Characterization of Tumor Immune Microenvironment,none
239,Detection of Basal Cell Carcinoma in Whole Slide Images,"however, current nas methods often overlook
fairness in architecture ranking, impeding the discovery of top-performing
models.in this study, we utilized the nas approach to identify the optimal
network for skin cancer detection."
240,Detection of Basal Cell Carcinoma in Whole Slide Images,"we observed that conventional nas methods often
overlook fairness ranking during the search, hindering the search for optimal
solutions."
241,Detection of Basal Cell Carcinoma in Whole Slide Images,"this
introduces evaluation bias and leads to sub-optimal results.to mitigate
evaluation bias on width, we propose a new sc-net that promotes the fairness of
channels during training."
242,Detection of Basal Cell Carcinoma in Whole Slide Images,"therefore, the training degree t
(d) of the d-th channel in our proposed method istherefore, the training degree
t for each channel will always be equal to the same constant value of the width,
independent of the channel index, ensuring fairness in terms of channel (filter)
levels."
243,IIB-MIL: Integrated Instance-Level and Bag-Level Multiple Instances Learning with Label Disambiguation for Pathological Image Analysis,none
244,Multi-scale Prototypical Transformer for Whole Slide Image Classification,none
245,Thyroid Nodule Diagnosis in Dynamic Contrast-Enhanced Ultrasound via Microvessel Infiltration Awareness,none
246,Label-Free Nuclei Segmentation Using Intra-Image Self Similarity,none
247,Triangular Analysis of Geographical Interplay of Lymphocytes (TriAnGIL): Predicting Immunotherapy Response in Lung Cancer,none
248,NASDM: Nuclei-Aware Semantic Histopathology Image Generation Using Diffusion Models,"as such, generative models can be sampled to emphasize each
disease subtype equally and generate more balanced datasets, thus preventing
dataset biases getting amplified by the models [7]."
249,NASDM: Nuclei-Aware Semantic Histopathology Image Generation Using Diffusion Models,"a common issue in deep learning with h&e stained histopathology slides is the
visual bias introduced by variations in the staining protocol and the raw
materials of chemicals leading to different colors across slides prepared at
different labs [1]."
250,DiffDP: Radiotherapy Dose Prediction via a Diffusion Model,none
251,Position-Aware Masked Autoencoder for Histopathology WSI Representation Learning,"the bias and error generated in each level of the
representation model will accumulate in the final decision model."
252,Position-Aware Masked Autoencoder for Histopathology WSI Representation Learning,"the multi-stage framework
accumulated the training bias and noise, which caused an auc gap of hipt [5] to
mae [7] and pama, especially trained with only 10% labeled wsis."
253,Detection-Free Pipeline for Cervical Cancer Screening of Whole Slide Images,none
254,Instance-Aware Diffusion Model for Gland Segmentation in Colon Histology Images,none
255,Adaptive Supervised PatchNCE Loss for Learning H&E-to-IHC Stain Translation with Inconsistent Groundtruth Image Pairs,"such scheduling of the weights is done so that in the beginning of
the training, the weights are uniform in order not to wrongly bias the network
when the embeddings are still indiscriminative."
256,HIGT: Hierarchical Interaction Graph-Transformer for Whole Slide Image Analysis,none
257,Learning Robust Classifier for Imbalanced Medical Image Dataset with Noisy Labels by Minimizing Invariant Risk,none
258,MPBD-LSTM: A Predictive Model for Colorectal Liver Metastases Using Time Series Multi-phase Contrast-Enhanced CT Scans,none
259,Deep Cellular Embeddings: An Explainable Plug and Play Improvement for Feature Representation in Histopathology,none
260,Progressive Attention Guidance for Whole Slide Vulvovaginal Candidiasis Screening,none
261,CellGAN: Conditional Cervical Cell Synthesis for Augmenting Cytopathological Image Classification,"then, we pass c through learnable affine transformations,
such that the class embedding is specialized to the scaling and bias parameters
controlling adaptive instance normalization (adain) [13] in each upblock."
262,An Anti-biased TBSRTC-Category Aware Nuclei Segmentation Framework with a Multi-label Thyroid Cytology Benchmark,"innovatively, our approach can
help reduce bias in the learning process of the segmentation model with the
routine unbalanced training set."
263,Multi-modal Pathological Pre-training via Masked Autoencoders for Breast Cancer Diagnosis,none
264,Semi-supervised Pathological Image Segmentation via Cross Distillation of Multiple Attentions,"since using a model's prediction to supervise itself may over-fit its bias,
chen et al."
265,Semi-supervised Pathological Image Segmentation via Cross Distillation of Multiple Attentions,"since the three branches have different decision boundaries, using the
predictions from one branch as pseudo labels to supervise the others would avoid
each branch over-fitting its bias."
266,Towards Novel Class Discovery: A Study in Novel Skin Lesions Clustering,none
267,Pathology-and-Genomics Multimodal Transformer for Survival Outcome Prediction,none
268,Robust Cervical Abnormal Cell Detection via Distillation from Local-Scale Consistency Refinement,none
269,StainDiff: Transfer Stain Styles of Histology Images with Denoising Diffusion Probabilistic Models and Self-ensemble,none
270,MixUp-MIL: Novel Data Augmentation for Multiple Instance Learning and a Study on Thyroid Cancer Diagnosis,none
271,Transfer Learning-Assisted Survival Analysis of Breast Cancer Relying on the Spatial Interaction Between Tumor-Infiltrating Lymphocytes and Tumors,none
272,Gene-Induced Multimodal Pre-training for Image-Omic Classification,none
273,Histopathology Image Classification Using Deep Manifold Contrastive Learning,none
274,Deep Learning for Tumor-Associated Stroma Identification in Prostate Histopathology Slides,none
275,Multi-scope Analysis Driven Hierarchical Graph Transformer for Whole Slide Image Based Cancer Survival Prediction,none
276,Mining Negative Temporal Contexts for False Positive Suppression in Real-Time Ultrasound Lesion Detection,none
277,Iteratively Coupled Multiple Instance Learning from Instance to Bag Classifier for Whole Slide Image Classification,none
278,Artifact Restoration in Histology Images with Diffusion Probabilistic Models,none
279,Thinking Like Sonographers: A Deep CNN Model for Diagnosing Gout from Musculoskeletal Ultrasound,none
280,Scribble-Based 3D Multiple Abdominal Organ Segmentation via Triple-Branch Multi-Dilated Network with Pixel- and Class-Wise Consistency,none
281,Mammo-Net: Integrating Gaze Supervision and Interactive Information in Multi-view Mammogram Classification,none
282,CTFlow: Mitigating Effects of Computed Tomography Acquisition and Reconstruction with Normalizing Flows,none
283,Probabilistic Modeling Ensemble Vision Transformer Improves Complex Polyp Segmentation,none
284,DisAsymNet: Disentanglement of Asymmetrical Abnormality on Bilateral Mammograms Using Self-adversarial Learning,none
285,Segmentation of Kidney Tumors on Non-Contrast CT Images Using Protuberance Detection Network,none
286,Skin Lesion Correspondence Localization in Total Body Photography,none
287,Anatomy-Informed Data Augmentation for Enhanced Prostate Cancer Detection,none
288,Bridging Ex-Vivo Training and Intra-operative Deployment for Surgical Margin Assessment with Evidential Graph Transformer,none
289,Radiomics-Informed Deep Learning for Classification of Atrial Fibrillation Sub-Types from Left-Atrium CT Volumes,none
290,Synthesis of Contrast-Enhanced Breast MRI Using T1- and Multi-b-Value DWI-Based Hierarchical Fusion Network with Attention Mechanism,none
291,Clinical Evaluation of AI-Assisted Virtual Contrast Enhanced MRI in Primary Gross Tumor Volume Delineation for Radiotherapy of Nasopharyngeal Carcinoma,"rigorous
clinical evaluations can establish the safety and efficacy of ai-based
techniques, identify potential biases and limitations, and facilitate the
integration of clinical expertise to ensure accurate and meaningful results
[13]."
292,Automated CT Lung Cancer Screening Workflow Using 3D Camera,none
293,Clustering Disease Trajectories in Contrastive Feature Space for Biomarker Proposal in Age-Related Macular Degeneration,none
294,Multi-task Learning of Histology and Molecular Markers for Classifying Diffuse Glioma,none
295,Second-Course Esophageal Gross Tumor Volume Segmentation in CT with Prior Anatomical and Radiotherapy Information,none
296,CLIP-Lung: Textual Knowledge-Guided Lung Nodule Malignancy Prediction,"consequently, aligning these distinct feature types becomes challenging,
resulting in a bias towards the text features associated with malignant nodules."
297,EPVT: Environment-Aware Prompt Vision Transformer for Domain Generalization in Skin Lesion Recognition,"when a deep learning model overfits specific
artifacts instead of learning the correct dermoscopic patterns, it may fail to
identify skin lesions in real-world environments where the artifacts are absent
or inconsistent.to alleviate the artifact bias and enhance the model's
generalization ability, we rethink the problem from the domain generalization
(dg) perspective, where a model trained within multiple different but related
domains are expected to perform well in unseen test domains."
298,EPVT: Environment-Aware Prompt Vision Transformer for Domain Generalization in Skin Lesion Recognition,"(2) trap set debiasing: we train
and test our epvt with its baseline on six trap sets [3] with increasing bias
levels, ranging from 0 (randomly split training and testing sets from the
isic2019 dataset) to 1 (the highest bias level where the correlation between
artifacts and class label is in the opposite direction in the dataset splits)."
299,EPVT: Environment-Aware Prompt Vision Transformer for Domain Generalization in Skin Lesion Recognition,"each point on the graph represents an algorithm that
is trained and tested on a specific bias degree split.the graph shows that the
erm baseline performs better than our epvt when the bias is low (0 and 0.3)."
300,EPVT: Environment-Aware Prompt Vision Transformer for Domain Generalization in Skin Lesion Recognition,"as the
bias degree increases, the correlation between artifacts and class labels
decreases, and overfitting the train set causes the performance of erm to drop
dramatically on the test set with a significant distribution difference."
301,EPVT: Environment-Aware Prompt Vision Transformer for Domain Generalization in Skin Lesion Recognition,"in
contrast, our epvt exhibits greater robustness to different bias levels."
302,EPVT: Environment-Aware Prompt Vision Transformer for Domain Generalization in Skin Lesion Recognition,"notably, our epvt outperforms the erm baseline by 9.4% on the bias 1
dataset.prompt weights analysis: to verify whether our model has learned the
correct domain prompts for target domain prediction, we analyze and plot the
results in fig."
303,Self-feedback Transformer: A Multi-label Diagnostic Model for Real-World Pancreatic Neuroendocrine Neoplasms Data,"specifically, embedding setare
the input tokens, the attention value α and output token e are computed as
follows:where e i is from e, w q , w k and w v are weight matrices of query, key
and value, respectively, w r and w o are transformation matrices, and b 1 and b
2 are bias vectors."
304,Developing Large Pre-trained Model for Breast Tumor Segmentation from Ultrasound Images,none
305,3D Mitochondria Instance Segmentation with Spatio-Temporal Transformers,none
306,Physics-Informed Conditional Autoencoder Approach for Robust Metabolic CEST MRI at 7T,none
307,Diffusion-Based Data Augmentation for Nuclei Image Segmentation,none
308,Deep Unsupervised Clustering for Conditional Identification of Subgroups Within a Digital Pathology Image Set,none
309,A Texture Neural Network to Predict the Abnormal Brachial Plexus from Routine Magnetic Resonance Imaging,none
310,CircleFormer: Circular Nuclei Detection in Whole Slide Images with Circle Queries and Attention,none
311,Self-supervised Dense Representation Learning for Live-Cell Microscopy with Time Arrow Prediction,"resnet [9]) that lack this symmetry, we here directly incorporate this
inductive bias via a permutation-equivariant head h that is a generalization of
the set permutation-equivariant layer proposed in [32] to dense inputs."
312,Prompt-MIL: Boosting Multi-instance Learning Schemes via Task-Specific Prompt Tuning,none
313,Prompt-Based Grouping Transformer for Nucleus Detection and Classification,none
314,Maximum-Entropy Estimation of Joint Relaxation-Diffusion Distribution Using Multi-TE Diffusion MRI,none
315,Simulation of Arbitrary Level Contrast Dose in MRI Using an Iterative Global Transformer Model,none
316,TractCloud: Registration-Free Tractography Parcellation with a Novel Local-Global Streamline Point Cloud Representation,none
317,Relaxation-Diffusion Spectrum Imaging for Probing Tissue Microarchitecture,none
318,Exploring Unsupervised Cell Recognition with Prior Self-activation Maps,"it combines the advantage of correlation filters
and deep learning but needs iterative training and finetuning.cnns with
inductive biases have priority over local features of the nuclei with dense
distribution and semi-regular shape."
319,Brain Anatomy-Guided MRI Analysis for Assessing Clinical Progression of Cognitive Impairment with Structural MRI,"all mris
are preprocessed via the following pipeline: 1) bias field correction, 2) skull
stripping, 3) affine registration to the mni space, 4) resampling to 1 × 1 × 1
mm 3 , 5) deformable registration to aal3 [19] with syn [20], and 6) warping 166
regions-of-interest (rois) of aal3 back to mri volumes.proposed method."
320,Brain Anatomy-Guided MRI Analysis for Assessing Clinical Progression of Cognitive Impairment with Structural MRI,"such
partition is repeated five times independently to avoid any bias introduced by
random partition, and the mean and standard deviation results are recorded."
321,Brain Anatomy-Guided MRI Analysis for Assessing Clinical Progression of Cognitive Impairment with Structural MRI,"second, among 10 deep models, our bar produces the lowest
standard deviation in most cases (especially on sen and spe), suggesting its
robustness to bias introduced by random data partition in the downstream task."
322,atTRACTive: Semi-automatic White Matter Tract Segmentation Using Active Learning,none
323,B-Cos Aligned Transformers Learn Human-Interpretable Features,"5: when bvt
is trained from scratch, the model faces a trade-off between learning the weight
and input alignment and finding the appropriate inductive bias to solve the
classification task."
324,B-Cos Aligned Transformers Learn Human-Interpretable Features,"by reintroducing many of the inductive biases of cnns
through the window attention in the case of swin or transfer learning in the
case of bvt, the model likely overcomes this initial problem.moreover, we would
like to emphasize that the modified models have no negative impact on the
model's performance."
325,Single-subject Multi-contrast MRI Super-resolution via Implicit Neural Representations,"moreover, unlike
conventional super-resolution models trained on a cohort, a personalized model
is of clinical relevance to avoid the danger of potential misdiagnosis caused by
cohort-learned biases."
326,Single-subject Multi-contrast MRI Super-resolution via Implicit Neural Representations,"key reasons behind inr's success can be attributed to
overcoming the low-frequency bias of multi-layer perceptrons (mlp) [21,24,25]."
327,Overall Survival Time Prediction of Glioblastoma on Preoperative MRI Using Lesion Network Mapping,"in all
experiments, we conducted five-fold crossvalidation ten times in order to reduce
the effect of sampling bias."
328,A Multi-task Network for Anatomy Identification in Endoscopic Pituitary Surgery,none
329,Intraoperative CT Augmentation for Needle-Based Liver Interventions,none
330,Optical Coherence Elastography Needle for Biomechanical Characterization of Deep Tissue,none
331,Pelvic Fracture Segmentation Using a Multi-scale Distance-Weighted Neural Network,none
332,Towards Multi-modal Anatomical Landmark Detection for Ultrasound-Guided Brain Tumor Resection with Contrastive Learning,none
333,Deep Reinforcement Learning Based System for Intraoperative Hyperspectral Video Autofocusing,"we
randomise the order of the focal powers to reduce systematic bias caused by the
response of the liquid lens."
334,Surgical Video Captioning with Mutual-Modal Concept Alignment,none
335,Imitation Learning from Expert Video Data for Dissection Trajectory Prediction in Endoscopic Surgical Procedure,none
336,Regularized Kelvinlet Functions to Model Linear Elasticity for Image-to-Physical Registration of the Breast,none
337,Learning Expected Appearances for Intraoperative Registration During Neurosurgery,"we kept the size of the training set constant to not introduce size
biases."
338,Dose Guidance for Radiotherapy-Oriented Deep Learning Segmentation,none
339,FLIm-Based in Vivo Classification of Residual Cancer in the Surgical Cavity During Transoral Robotic Surgery,"ν denote a
penalty factor on these soft constraints, and b is the biases."
340,FocalErrorNet: Uncertainty-Aware Focal Modulation Network for Inter-modal Registration Error Estimation in Ultrasound-Guided Neurosurgery,none
341,Detecting the Sensing Area of a Laparoscopic Probe in Minimally Invasive Cancer Surgery,none
342,A Novel Video-CTU Registration Method with Structural Point Similarity for FURS Navigation,none
343,Cascade Transformer Encoded Boundary-Aware Multibranch Fusion Networks for Real-Time and Accurate Colonoscopic Lesion Segmentation,none
344,Unified Brain MR-Ultrasound Synthesis Using Multi-modal Hierarchical Representations,none
345,StructuRegNet: Structure-Guided Multimodal 2D-3D Registration,none
346,X2Vision: 3D CT Reconstruction from Biplanar X-Rays with Deep Structure Prior,none
347,Structure-Preserving Synthesis: MaskGAN for Unpaired MR-CT Translation,none
348,FreeSeed: Frequency-Band-Aware and Self-guided Network for Sparse-View CT Reconstruction,none
349,Co-learning Semantic-Aware Unsupervised Segmentation for Pathological Image Registration,none
350,Fast Reconstruction for Deep Learning PET Head Motion Correction,none
351,Revealing Anatomical Structures in PET to Generate CT for Attenuation Correction,none
352,An Explainable Deep Framework: Towards Task-Specific Fusion for Multi-to-One MRI Synthesis,"to learn the weight automatically,
we use a trainable fully connected (fc) layer to predict the initial weight ω 0
∈ r n from c.where w and b are weights and bias for the fc layer, = 10 -5 to
avoid dividing 0 in the following equation."
353,Geometric Ultrasound Localization Microscopy,none
354,Reflectance Mode Fluorescence Optical Tomography with Consumer-Grade Cameras,none
355,DISA: DIfferentiable Similarity Approximation for Universal Multimodal Registration,none
356,Solving Low-Dose CT Reconstruction via GAN with Local Coherence,"due to the bias in the datasets
collected from different facilities, the performances of all the models are
declined to some extents."
357,Noise2Aliasing: Unsupervised Deep Learning for View Aliasing and Noise Reduction in 4DCBCT,none
358,DULDA: Dual-Domain Unsupervised Learned Descent Algorithm for PET Image Reconstruction,"a total of 5 realizations were
simulated and each was trained/tested independently for bias and variance
calculation [15]."
359,DULDA: Dual-Domain Unsupervised Learned Descent Algorithm for PET Image Reconstruction,"the quantitative and bias-variance results
are shown in table 1."
360,DULDA: Dual-Domain Unsupervised Learned Descent Algorithm for PET Image Reconstruction,"both dip method and dulda
have a better crc and bias performance compared with mlem and em-tv."
361,Low-Dose CT Image Super-Resolution Network with Dual-Guidance Feature Distillation and Dual-Path Content Communication,none
362,Non-iterative Coarse-to-Fine Transformer Networks for Joint Affine and Deformable Image Registration,none
363,Trackerless Volume Reconstruction from Intraoperative Ultrasound Images,"first and end stages of the sequences were removed from
the six acquired sequences, as they were considered to be largely stationary,
and aiming to avoid training bias."
364,CoLa-Diff: Conditional Latent Diffusion Model for Multi-modal MRI Synthesis,"the autoactivation is
governed by the learnable weight ν and bias o."
365,InverseSR: 3D Brain MRI Super-Resolution Using a Latent Diffusion Model,none
366,Topology-Preserving Computed Tomography Super-Resolution Based on Dual-Stream Diffusion Model,none
367,LightNeuS: Neural Surface Reconstruction in Endoscopy Using Illumination Decline,none
