title,authors,page_numbers,doi,publication_year,vol_number,paper_id
3D Arterial Segmentation via Single 2D Projections and Depth Supervision in Contrast-Enhanced CT Images,"Alina F. Dima, Veronika A. Zimmer, Martin J. Menten, Hongwei Bran Li, Markus Graf, Tristan Lemke et al.",141-151,10.1007/978-3-031-43907-0_14,2023,1,4b4ee72b-4d7f-4349-b8b9-a49898dec697
3D Mitochondria Instance Segmentation with Spatio-Temporal Transformers,"Omkar Thawakar, Rao Muhammad Anwer, Jorma Laaksonen, Orly Reiner, Mubarak Shah, Fahad Shahbaz Khan",613-623,10.1007/978-3-031-43993-3_59,2023,8,bf5111d6-fb6b-4e8e-bd1b-2330a6fce02a
A Spatial-Temporal Deformable Attention Based Framework for Breast Lesion Detection in Videos,"Chao Qin, Jiale Cao, Huazhu Fu, Rao Muhammad Anwer, Fahad Shahbaz Khan",479-488,10.1007/978-3-031-43895-0_45,2023,2,342fe0c9-dfeb-49ac-8550-3c169aa5c848
A Spatial-Temporally Adaptive PINN Framework for 3D Bi-Ventricular Electrophysiological Simulations and Parameter Inference,"Yubo Ye, Huafeng Liu, Xiajun Jiang, Maryam Toloubidokhti, Linwei Wang",163-172,10.1007/978-3-031-43990-2_16,2023,7,6cc17acb-8c3c-4e87-a413-d15b107e7c78
A Texture Neural Network to Predict the Abnormal Brachial Plexus from Routine Magnetic Resonance Imaging,"Weiguo Cao, Benjamin Howe, Nicholas Rhodes, Sumana Ramanathan, Panagiotis Korfiatis, Kimberly Amrami et al.",470-480,10.1007/978-3-031-43993-3_46,2023,8,d23a64fd-d8f2-419d-9351-4ab5761b62af
ALL-IN: A Local GLobal Graph-Based DIstillatioN Model for Representation Learning of Gigapixel Histopathology Images With Application In Cancer Risk Assessment,"Puria Azadi, Jonathan Suderman, Ramin Nakhli, Katherine Rich, Maryam Asadi, Sonia Kung et al.",765-775,10.1007/978-3-031-43987-2_74,2023,6,1b371886-7ee9-4cd9-a427-77e418bc7696
Adaptive Region Selection for Active Learning in Whole Slide Image Semantic Segmentation,"Jingna Qiu, Frauke Wilm, Mathias Öttl, Maja Schlereth, Chang Liu, Tobias Heimann et al.",90-100,10.1007/978-3-031-43895-0_9,2023,2,00840bcd-a17f-4cef-a2fc-8cfa451f17ed
Adaptive Supervised PatchNCE Loss for Learning H&E-to-IHC Stain Translation with Inconsistent Groundtruth Image Pairs,"Fangda Li, Zhiqiang Hu, Wen Chen, Avinash Kak",632-641,10.1007/978-3-031-43987-2_61,2023,6,e70d8dea-078b-475f-80df-774df0cc71e2
An AI-Ready Multiplex Staining Dataset for Reproducible and Accurate Characterization of Tumor Immune Microenvironment,"Parmida Ghahremani, Joseph Marino, Juan Hernandez-Prera, Janis V. de la Iglesia, Robbert J. C. Slebos, Christine H. Chung et al.",704-713,10.1007/978-3-031-43987-2_68,2023,6,24568c6b-65c9-4940-b76f-f3720e036e1e
An Anti-biased TBSRTC-Category Aware Nuclei Segmentation Framework with a Multi-label Thyroid Cytology Benchmark,"Junchao Zhu, Yiqing Shen, Haolin Zhang, Jing Ke",580-590,10.1007/978-3-031-43987-2_56,2023,6,a6bfd38f-9907-471c-8ff6-5a38ff11a7cb
An Explainable Deep Framework: Towards Task-Specific Fusion for Multi-to-One MRI Synthesis,"Luyi Han, Tianyu Zhang, Yunzhi Huang, Haoran Dou, Xin Wang, Yuan Gao et al.",45-55,10.1007/978-3-031-43999-5_5,2023,10,83f1e9a4-94f9-4b62-9827-66bbb53db33e
An Explainable Geometric-Weighted Graph Attention Network for Identifying Functional Networks Associated with Gait Impairment,"Favour Nerrise, Qingyu Zhao, Kathleen L. Poston, Kilian M. Pohl, Ehsan Adeli",723-733,10.1007/978-3-031-43895-0_68,2023,2,81f6bf5c-67d9-43c0-937e-d614003dd28f
Anatomical-Aware Point-Voxel Network for Couinaud Segmentation in Liver CT,"Xukun Zhang, Yang Liu, Sharib Ali, Xiao Zhao, Mingyang Sun, Minghao Han et al.",465-474,10.1007/978-3-031-43898-1_45,2023,3,159d5313-532e-4b91-a06c-71c6115e657f
Anatomy-Driven Pathology Detection on Chest X-rays,"Philip Müller, Felix Meissen, Johannes Brandt, Georgios Kaissis, Daniel Rueckert",57-66,10.1007/978-3-031-43907-0_6,2023,1,02d3afc9-824a-4130-a707-07ab089f9e20
Anatomy-Informed Data Augmentation for Enhanced Prostate Cancer Detection,"Balint Kovacs, Nils Netzer, Michael Baumgartner, Carolin Eith, Dimitrios Bounias, Clara Meinzer et al.",531-540,10.1007/978-3-031-43990-2_50,2023,7,87ae2950-1d03-4680-a2da-573bc3235d5e
Anti-adversarial Consistency Regularization for Data Augmentation: Applications to Robust Medical Image Segmentation,"Hyuna Cho, Yubin Han, Won Hwa Kim",555-566,10.1007/978-3-031-43901-8_53,2023,4,535fa3ae-9a04-49e8-86e9-908bb0304083
ArSDM: Colonoscopy Images Synthesis with Adaptive Refinement Semantic Diffusion Models,"Yuhao Du, Yuncheng Jiang, Shuangyi Tan, Xusheng Wu, Qi Dou, Zhen Li et al.",339-349,10.1007/978-3-031-43895-0_32,2023,2,fd9532c6-806a-4156-93eb-8d1af43636d6
Artifact Restoration in Histology Images with Diffusion Probabilistic Models,"Zhenqi He, Junjun He, Jin Ye, Yiqing Shen",518-527,10.1007/978-3-031-43987-2_50,2023,6,72d1b3eb-825d-4c0d-851f-81606b7c778e
Automated CT Lung Cancer Screening Workflow Using 3D Camera,"Brian Teixeira, Vivek Singh, Birgi Tamersoy, Andreas Prokein, Ankur Kapoor",423-431,10.1007/978-3-031-43990-2_40,2023,7,c6519233-8941-46ce-b6f5-318337979ea7
Automatic Bleeding Risk Rating System of Gastric Varices,"Yicheng Jiang, Luyue Shi, Wei Qi, Lei Chen, Guanbin Li, Xiaoguang Han et al.",3-12,10.1007/978-3-031-43904-9_1,2023,5,4c4805ae-f6cb-41d8-83bc-95b6b847d7e2
B-Cos Aligned Transformers Learn Human-Interpretable Features,"Manuel Tran, Amal Lahiani, Yashin Dicente Cid, Melanie Boxberg, Peter Lienemann, Christian Matek et al.",514-524,10.1007/978-3-031-43993-3_50,2023,8,6e616bb2-cca9-4a91-a732-2c95a824a537
Black-box Domain Adaptative Cell Segmentation via Multi-source Distillation,"Xingguang Wang, Zhongyu Li, Xiangde Luo, Jing Wan, Jianwei Zhu, Ziqi Yang et al.",749-758,10.1007/978-3-031-43907-0_71,2023,1,93005dbe-fa84-45c4-964f-a3ecfef9370d
Boosting Breast Ultrasound Video Classification by the Guidance of Keyframe Feature Centers,"Anlan Sun, Zhao Zhang, Meng Lei, Yuting Dai, Dong Wang, Liwei Wang",441-451,10.1007/978-3-031-43904-9_43,2023,5,9df4610a-22b2-491d-9196-367f307c82dc
Breast Ultrasound Tumor Classification Using a Hybrid Multitask CNN-Transformer Network,"Bryar Shareef, Min Xian, Aleksandar Vakanski, Haotian Wang",344-353,10.1007/978-3-031-43901-8_33,2023,4,5f61e0c1-381b-4903-a827-21dfe2c0121a
Bridging Ex-Vivo Training and Intra-operative Deployment for Surgical Margin Assessment with Evidential Graph Transformer,"Amoon Jamzad, Fahimeh Fooladgar, Laura Connolly, Dilakshan Srikanthan, Ayesha Syeda, Martin Kaufmann et al.",562-571,10.1007/978-3-031-43990-2_53,2023,7,c8d22159-38f8-4d9b-9f74-39fb88d6e3a5
CARL: Cross-Aligned Representation Learning for Multi-view Lung Cancer Histology Classification,"Yin Luo, Wei Liu, Tao Fang, Qilong Song, Xuhong Min, Minghui Wang et al.",358-367,10.1007/978-3-031-43904-9_35,2023,5,01d45dd4-e30e-414c-8175-a0ac3e72e1b0
CLIP-Lung: Textual Knowledge-Guided Lung Nodule Malignancy Prediction,"Yiming Lei, Zilong Li, Yan Shen, Junping Zhang, Hongming Shan",403-412,10.1007/978-3-031-43990-2_38,2023,7,6c6da324-ce47-41f4-870b-107b831f410c
Cascade Transformer Encoded Boundary-Aware Multibranch Fusion Networks for Real-Time and Accurate Colonoscopic Lesion Segmentation,"Ao Wang, Ming Wu, Hao Qi, Wenkang Fan, Hong Shi, Jianhua Chen et al.",718-727,10.1007/978-3-031-43996-4_69,2023,9,d933145e-f333-4f62-8747-5aa1ecdca74b
Category-Level Regularized Unlabeled-to-Labeled Learning for Semi-supervised Prostate Segmentation with Multi-site Unlabeled Data,"Zhe Xu, Donghuan Lu, Jiangpeng Yan, Jinghan Sun, Jie Luo, Dong Wei et al.",3-13,10.1007/978-3-031-43901-8_1,2023,4,bb5f6995-6bf0-4557-914c-b97afdec5875
CellGAN: Conditional Cervical Cell Synthesis for Augmenting Cytopathological Image Classification,"Zhenrong Shen, Maosong Cao, Sheng Wang, Lichi Zhang, Qian Wang",487-496,10.1007/978-3-031-43987-2_47,2023,6,5b742179-31bf-4995-bde3-55a0f9070381
Centroid-Aware Feature Recalibration for Cancer Grading in Pathology Images,"Jaeung Lee, Keunho Byeon, Jin Tae Kwak",212-221,10.1007/978-3-031-43895-0_20,2023,2,2a971ba7-e80b-4698-b4a8-0300843aea1a
CircleFormer: Circular Nuclei Detection in Whole Slide Images with Circle Queries and Attention,"Hengxu Zhang, Pengpeng Liang, Zhiyong Sun, Bo Song, Erkang Cheng",493-502,10.1007/978-3-031-43993-3_48,2023,8,102fe192-ef18-42ec-80fa-dae3cac3af06
Clinical Evaluation of AI-Assisted Virtual Contrast Enhanced MRI in Primary Gross Tumor Volume Delineation for Radiotherapy of Nasopharyngeal Carcinoma,"Wen Li, Dan Zhao, Zhi Chen, Zhou Huang, Saikit Lam, Yaoqin Xie et al.",541-550,10.1007/978-3-031-43990-2_51,2023,7,14f5751b-ec6a-47a2-86da-cf0393226b8a
Cluster-Induced Mask Transformers for Effective Opportunistic Gastric Cancer Screening on Non-contrast CT Scans,"Mingze Yuan, Yingda Xia, Xin Chen, Jiawen Yao, Junli Wang, Mingyan Qiu et al.",146-156,10.1007/978-3-031-43904-9_15,2023,5,e2334988-3c78-42e8-aa0f-9cd49b3d4aca
Clustering Disease Trajectories in Contrastive Feature Space for Biomarker Proposal in Age-Related Macular Degeneration,"Robbie Holland, Oliver Leingang, Christopher Holmes, Philipp Anders, Rebecca Kaye, Sophie Riedl et al.",724-734,10.1007/978-3-031-43990-2_68,2023,7,ab19dd13-3038-4bf8-b188-a8d0094d71d1
Co-assistant Networks for Label Correction,"Xuan Chen, Weiheng Fu, Tian Li, Xiaoshuang Shi, Hengtao Shen, Xiaofeng Zhu",159-168,10.1007/978-3-031-43898-1_16,2023,3,3ceecde4-8506-4a4e-a741-d19268db8476
Contrastive Feature Decoupling for Weakly-Supervised Disease Detection,"Jhih-Ciang Wu, Ding-Jie Chen, Chiou-Shann Fuh",252-261,10.1007/978-3-031-43904-9_25,2023,5,960e3626-6d8a-4184-b323-34406786501d
Cross-Modulated Few-Shot Image Generation for Colorectal Tissue Classification,"Amandeep Kumar, Ankan Kumar Bhunia, Sanath Narayan, Hisham Cholakkal, Rao Muhammad Anwer, Jorma Laaksonen et al.",128-137,10.1007/978-3-031-43898-1_13,2023,3,76ccb024-7d73-4e3c-8f8a-69087b42f717
DARC: Distribution-Aware Re-Coloring Model for Generalizable Nucleus Segmentation,"Shengcong Chen, Changxing Ding, Dacheng Tao, Hao Chen",591-601,10.1007/978-3-031-43987-2_57,2023,6,d946d505-5d23-4be6-9fa2-1560a28f980b
DAS-MIL: Distilling Across Scales for MIL Classification of Histological WSIs,"Gianpaolo Bontempo, Angelo Porrello, Federico Bolelli, Simone Calderara, Elisa Ficarra",248-258,10.1007/978-3-031-43907-0_24,2023,1,c94b2e72-f294-4dc8-bf83-c261fb62d527
Deep Cellular Embeddings: An Explainable Plug and Play Improvement for Feature Representation in Histopathology,"Jacob Gildenblat, Anil Yüce, Samaneh Abbasi-Sureshjani, Konstanty Korski",776-785,10.1007/978-3-031-43987-2_75,2023,6,3eeef7d5-a760-493a-8d06-0c0c4f165356
Deep Learning for Tumor-Associated Stroma Identification in Prostate Histopathology Slides,"Zichen Wang, Mara Pleasure, Haoyue Zhang, Kimberly Flores, Anthony Sisk, William Speier et al.",642-651,10.1007/978-3-031-43987-2_62,2023,6,73c61525-b7a3-4450-8d72-78f677751282
Deep Learning-Based Air Trapping Quantification Using Paired Inspiratory-Expiratory Ultra-low Dose CT,"Sarah M. Muller, Sundaresh Ram, Katie J. Bayfield, Julia H. Reuter, Sonja Gestewitz, Lifeng Yu et al.",432-441,10.1007/978-3-031-43898-1_42,2023,3,1318639f-25c4-470b-9306-46f83bcf76ca
Deep Learning-Based Anonymization of Chest Radiographs: A Utility-Preserving Measure for Patient Privacy,"Kai Packhäuser, Sebastian Gündel, Florian Thamm, Felix Denzinger, Andreas Maier",262-272,10.1007/978-3-031-43898-1_26,2023,3,13609259-59a4-4097-b225-40ac1bb050d3
Deep Probability Contour Framework for Tumour Segmentation and Dose Painting in PET Images,"Wenhui Zhang, Surajit Ray",534-543,10.1007/978-3-031-43901-8_51,2023,4,17362dc7-ba96-4ab1-9845-2c2d4a7f54ee
Deep Unsupervised Clustering for Conditional Identification of Subgroups Within a Digital Pathology Image Set,"Mariia Sidulova, Xudong Sun, Alexej Gossmann",666-675,10.1007/978-3-031-43993-3_64,2023,8,20fa0d72-c713-4271-859f-60f06cf7c74f
Detecting Domain Shift in Multiple Instance Learning for Digital Pathology Using Fréchet Domain Distance,"Milda Poceviciute, Gabriel Eilertsen, Stina Garvin, Claes Lundström",157-167,10.1007/978-3-031-43904-9_16,2023,5,8d87959b-0c26-4c81-a091-bc9c2b743148
Detecting the Sensing Area of a Laparoscopic Probe in Minimally Invasive Cancer Surgery,"Baoru Huang, Yicheng Hu, Anh Nguyen, Stamatia Giannarou, Daniel S. Elson",260-270,10.1007/978-3-031-43996-4_25,2023,9,466f10ce-0c2b-4975-8e63-8855c4f22029
Detection of Basal Cell Carcinoma in Whole Slide Images,"Hongyan Xu, Dadong Wang, Arcot Sowmya, Ian Katz",263-272,10.1007/978-3-031-43987-2_26,2023,6,9f60bf13-5bb9-41d2-bd43-1c6eff8d1aa7
Detection-Free Pipeline for Cervical Cancer Screening of Whole Slide Images,"Maosong Cao, Manman Fei, Jiangdong Cai, Luyan Liu, Lichi Zhang, Qian Wang",243-252,10.1007/978-3-031-43987-2_24,2023,6,4c048259-e0c2-4608-a14e-a567f52791c2
Developing Large Pre-trained Model for Breast Tumor Segmentation from Ultrasound Images,"Meiyu Li, Kaicong Sun, Yuning Gu, Kai Zhang, Yiqun Sun, Zhenhui Li et al.",89-96,10.1007/978-3-031-43990-2_9,2023,7,675166c3-ac92-40f3-a59f-a4110fb36d92
DiffDP: Radiotherapy Dose Prediction via a Diffusion Model,"Zhenghao Feng, Lu Wen, Peng Wang, Binyu Yan, Xi Wu, Jiliu Zhou et al.",191-201,10.1007/978-3-031-43987-2_19,2023,6,026c7dcc-4045-419f-812c-55e7b7211750
DisAsymNet: Disentanglement of Asymmetrical Abnormality on Bilateral Mammograms Using Self-adversarial Learning,"Xin Wang, Tao Tan, Yuan Gao, Luyi Han, Tianyu Zhang, Chunyao Lu et al.",57-67,10.1007/978-3-031-43990-2_6,2023,7,caef4365-4b4b-42d8-8bfb-ed20486e59e3
Dose Guidance for Radiotherapy-Oriented Deep Learning Segmentation,"Elias Rüfenacht, Robert Poel, Amith Kamath, Ekin Ermis, Stefan Scheib, Michael K. Fix et al.",525-534,10.1007/978-3-031-43996-4_50,2023,9,bc23538d-7d28-422e-9ae7-fca64dcd2fab
Dynamic Curriculum Learning via In-Domain Uncertainty for Medical Image Classification,"Chaoyi Li, Meng Li, Can Peng, Brian C. Lovell",747-757,10.1007/978-3-031-43904-9_72,2023,5,940fb37d-1f44-4eff-9014-c3df141d135a
ECL: Class-Enhancement Contrastive Learning for Long-Tailed Skin Lesion Classification,"Yilan Zhang, Jianqi Chen, Ke Wang, Fengying Xie",244-254,10.1007/978-3-031-43895-0_23,2023,2,915be1c6-d704-4756-a08d-e2aa59ff9b3a
EGE-UNet: An Efficient Group Enhanced UNet for Skin Lesion Segmentation,"Jiacheng Ruan, Mingye Xie, Jingsheng Gao, Ting Liu, Yuzhuo Fu",481-490,10.1007/978-3-031-43901-8_46,2023,4,9318bc3c-97e9-4a66-b951-dadef9e8d2fd
EPVT: Environment-Aware Prompt Vision Transformer for Domain Generalization in Skin Lesion Recognition,"Siyuan Yan, Chi Liu, Zhen Yu, Lie Ju, Dwarikanath Mahapatra, Victoria Mar et al.",249-259,10.1007/978-3-031-43990-2_24,2023,7,76768146-6459-4f68-a907-69826b2b1391
EdgeMixup: Embarrassingly Simple Data Alteration to Improve Lyme Disease Lesion Segmentation and Diagnosis Fairness,"Haolin Yuan, John Aucott, Armin Hadzic, William Paul, Marcia Villegas de Flores, Philip Mathew et al.",374-384,10.1007/978-3-031-43901-8_36,2023,4,9c1a870b-c494-4e1c-b5c8-580ac88a668e
Enhancing Breast Cancer Risk Prediction by Incorporating Prior Images,"Hyeonsoo Lee, Junha Kim, Eunkyung Park, Minjeong Kim, Taesoo Kim, Thijs Kooi",389-398,10.1007/978-3-031-43904-9_38,2023,5,cf040994-b9ea-4fa5-be4f-a8cc63d7196a
EoFormer: Edge-Oriented Transformer for Brain Tumor Segmentation,"Dong She, Yueyi Zhang, Zheyu Zhang, Hebei Li, Zihan Yan, Xiaoyan Sun",333-343,10.1007/978-3-031-43901-8_32,2023,4,5898f019-b619-4631-bb8b-5450fe7537dc
FLIm-Based in Vivo Classification of Residual Cancer in the Surgical Cavity During Transoral Robotic Surgery,"Mohamed A. Hassan, Brent Weyers, Julien Bec, Jinyi Qi, Dorina Gui, Arnaud Bewley et al.",587-596,10.1007/978-3-031-43996-4_56,2023,9,3177cf39-e2e0-4f7a-b004-8703a8b04ff4
Factor Space and Spectrum for Medical Hyperspectral Image Segmentation,"Boxiang Yun, Qingli Li, Lubov Mitrofanova, Chunhua Zhou, Yan Wang",152-162,10.1007/978-3-031-43901-8_15,2023,4,55674f74-a9c0-43f8-9a94-fec5f93cb481
Fine-Tuning Network in Federated Learning for Personalized Skin Diagnosis,"Kyungsu Lee, Haeyun Lee, Thiago Coutinho Cavalcanti, Sewoong Kim, Georges El Fakhri, Dong Hun Lee et al.",378-388,10.1007/978-3-031-43898-1_37,2023,3,d6f59573-7435-43bd-8a3c-0df7a945aa53
FocalErrorNet: Uncertainty-Aware Focal Modulation Network for Inter-modal Registration Error Estimation in Ultrasound-Guided Neurosurgery,"Soorena Salari, Amirhossein Rasoulian, Hassan Rivaz, Yiming Xiao",689-698,10.1007/978-3-031-43996-4_66,2023,9,aeee232d-f52d-41e5-8168-a24e24076751
FocalUNETR: A Focal Transformer for Boundary-Aware Prostate Segmentation Using CT Images,"Chengyin Li, Yao Qiang, Rafi Ibn Sultan, Hassan Bagher-Ebadian, Prashant Khanduri, Indrin J. Chetty et al.",592-602,10.1007/978-3-031-43898-1_57,2023,3,ed85cc9f-629e-4e44-b537-85f6f2dd8178
Foundation Model for Endoscopy Video Analysis via Large-Scale Self-supervised Pre-train,"Zhao Wang, Chang Liu, Shaoting Zhang, Qi Dou",101-111,10.1007/978-3-031-43996-4_10,2023,9,98713de5-1e0e-4b5a-8f0b-49bcbefd8cc7
FreeSeed: Frequency-Band-Aware and Self-guided Network for Sparse-View CT Reconstruction,"Chenglong Ma, Zilong Li, Junping Zhang, Yi Zhang, Hongming Shan",250-259,10.1007/978-3-031-43999-5_24,2023,10,df45d323-aebc-4b65-990e-f381b6d31b1e
Gall Bladder Cancer Detection from US Images with only Image Level Labels,"Soumen Basu, Ashish Papanai, Mayank Gupta, Pankaj Gupta, Chetan Arora",206-215,10.1007/978-3-031-43907-0_20,2023,1,be37192f-c7dd-4313-b270-7014a7b03bde
Gene-Induced Multimodal Pre-training for Image-Omic Classification,"Ting Jin, Xingran Xie, Renjie Wan, Qingli Li, Yan Wang",508-517,10.1007/978-3-031-43987-2_49,2023,6,23ee4bf9-3a89-4581-952d-8098fcbfd7d7
Geometric Ultrasound Localization Microscopy,"Christopher Hahne, Raphael Sznitman",217-227,10.1007/978-3-031-43999-5_21,2023,10,7b0ffaa1-f05d-4911-8336-713e47d1b26a
Geometry-Invariant Abnormality Detection,"Ashay Patel, Petru-Daniel Tudosiu, Walter Hugo Lopez Pinaya, Olusola Adeleke, Gary Cook, Vicky Goh et al.",300-309,10.1007/978-3-031-43907-0_29,2023,1,558b213e-a8c6-4af5-b511-621b8046b7e4
Graph-Theoretic Automatic Lesion Tracking and Detection of Patterns of Lesion Changes in Longitudinal CT Studies,"Beniamin Di Veroli, Richard Lederman, Jacob Sosna, Leo Joskowicz",106-115,10.1007/978-3-031-43904-9_11,2023,5,2459315d-44cc-4c18-9116-7f27684646b6
Guiding the Guidance: A Comparative Analysis of User Guidance Signals for Interactive Segmentation of Volumetric Images,"Zdravko Marinov, Rainer Stiefelhagen, Jens Kleesiek",637-647,10.1007/978-3-031-43898-1_61,2023,3,519488a2-023e-4448-b3a3-2c868c54057d
H-DenseFormer: An Efficient Hybrid Densely Connected Transformer for Multimodal Tumor Segmentation,"Jun Shi, Hongyu Kan, Shulan Ruan, Ziqi Zhu, Minfan Zhao, Liang Qiao et al.",692-702,10.1007/978-3-031-43901-8_66,2023,4,fa963514-eb2e-4def-a4de-3a8d5bf6f8b2
HENet: Hierarchical Enhancement Network for Pulmonary Vessel Segmentation in Non-contrast CT Images,"Wenqi Zhou, Xiao Zhang, Dongdong Gu, Sheng Wang, Jiayu Huo, Rui Zhang et al.",551-560,10.1007/978-3-031-43898-1_53,2023,3,5acca1d3-739a-40dd-9032-a930afde2a23
HIGT: Hierarchical Interaction Graph-Transformer for Whole Slide Image Analysis,"Ziyu Guo, Weiqin Zhao, Shujun Wang, Lequan Yu",755-764,10.1007/978-3-031-43987-2_73,2023,6,6781b2ae-0eb6-44c7-a287-14949636e6b0
Histopathology Image Classification Using Deep Manifold Contrastive Learning,"Jing Wei Tan, Won-Ki Jeong",683-692,10.1007/978-3-031-43987-2_66,2023,6,34eddda1-bebc-4236-8846-10ac8fd27fee
IIB-MIL: Integrated Instance-Level and Bag-Level Multiple Instances Learning with Label Disambiguation for Pathological Image Analysis,"Qin Ren, Yu Zhao, Bing He, Bingzhe Wu, Sijie Mai, Fan Xu et al.",560-569,10.1007/978-3-031-43987-2_54,2023,6,201c9a7e-8d65-443b-bcdd-cb3c18812f37
Imitation Learning from Expert Video Data for Dissection Trajectory Prediction in Endoscopic Surgical Procedure,"Jianan Li, Yueming Jin, Yueyao Chen, Hon-Chi Yip, Markus Scheppach, Philip Wai-Yan Chiu et al.",494-504,10.1007/978-3-031-43996-4_47,2023,9,c569465b-fc14-46d6-b1ae-a410019b9ee8
Improved Prognostic Prediction of Pancreatic Cancer Using Multi-phase CT by Integrating Neural Distance and Texture-Aware Transformer,"Hexin Dong, Jiawen Yao, Yuxing Tang, Mingze Yuan, Yingda Xia, Jian Zhou et al.",241-251,10.1007/978-3-031-43904-9_24,2023,5,ab8142fc-241a-4493-a8db-061c4a2b3241
Improving Outcome Prediction of Pulmonary Embolism by De-biased Multi-modality Model,"Zhusi Zhong, Jie Li, Shreyas Kulkarni, Yang Li, Fayez H. Fayad, Helen Zhang et al.",515-525,10.1007/978-3-031-43904-9_50,2023,5,7743ddb7-8eba-480a-8f65-e88e1df878f9
Infusing Physically Inspired Known Operators in Deep Models of Ultrasound Elastography,"Ali K. Z. Tehrani, Hassan Rivaz",467-476,10.1007/978-3-031-43907-0_45,2023,1,98706d46-e6aa-45c1-b60d-764d2007c630
Interpretable Medical Image Classification Using Prototype Learning and Privileged Information,"Luisa Gallée, Meinrad Beer, Michael Götz",435-445,10.1007/978-3-031-43895-0_41,2023,2,ec11f65a-ff5c-453d-a565-2f39d809a258
Intraoperative CT Augmentation for Needle-Based Liver Interventions,"Sidaty El hadramy, Juan Verde, Nicolas Padoy, Stéphane Cotin",291-301,10.1007/978-3-031-43996-4_28,2023,9,6353b749-389b-4640-a288-728c9fecc529
Iteratively Coupled Multiple Instance Learning from Instance to Bag Classifier for Whole Slide Image Classification,"Hongyi Wang, Luyang Luo, Fang Wang, Ruofeng Tong, Yen-Wei Chen, Hongjie Hu et al.",467-476,10.1007/978-3-031-43987-2_45,2023,6,8b3cb73b-7b73-436d-8c78-7c704290bedd
"Joint Prediction of Response to Therapy, Molecular Traits, and Spatial Organisation in Colorectal Cancer Biopsies","Ruby Wood, Enric Domingo, Korsuk Sirinukunwattana, Maxime W. Lafarge, Viktor H. Koelzer, Timothy S. Maughan et al.",758-767,10.1007/978-3-031-43904-9_73,2023,5,8c4a3e65-aad9-4324-9fb0-e39d46072abf
Label-Free Nuclei Segmentation Using Intra-Image Self Similarity,"Long Chen, Han Li, S. Kevin Zhou",673-682,10.1007/978-3-031-43987-2_65,2023,6,6d326c65-b679-4154-9473-103fbd1d03b2
Laplacian-Former: Overcoming the Limitations of Vision Transformers in Local Texture Detection,"Reza Azad, Amirhossein Kazerouni, Babak Azad, Ehsan Khodapanah Aghdam, Yury Velichko, Ulas Bagci et al.",736-746,10.1007/978-3-031-43898-1_70,2023,3,5586d0bd-58df-4eef-a8c7-0c6d2cac4e62
Learning Robust Classifier for Imbalanced Medical Image Dataset with Noisy Labels by Minimizing Invariant Risk,"Jinpeng Li, Hanqun Cao, Jiaze Wang, Furui Liu, Qi Dou, Guangyong Chen et al.",306-316,10.1007/978-3-031-43987-2_30,2023,6,a9114a80-c79f-43c2-9784-3ecfaa562a96
LightNeuS: Neural Surface Reconstruction in Endoscopy Using Illumination Decline,"Víctor M. Batlle, José M. M. Montiel, Pascal Fua, Juan D. Tardós",502-512,10.1007/978-3-031-43999-5_48,2023,10,7ba0647e-ccb7-4f41-b581-0ce016350822
Liver Tumor Screening and Diagnosis in CT with Pixel-Lesion-Patient Network,"Ke Yan, Xiaoli Yin, Yingda Xia, Fakai Wang, Shu Wang, Yuan Gao et al.",72-82,10.1007/978-3-031-43904-9_8,2023,5,161be00d-4556-4d36-af0d-f08e7718c1ce
Longitudinal Multimodal Transformer Integrating Imaging and Latent Clinical Signatures from Routine EHRs for Pulmonary Nodule Classification,"Thomas Z. Li, John M. Still, Kaiwen Xu, Ho Hin Lee, Leon Y. Cai, Aravind R. Krishnan et al.",649-659,10.1007/978-3-031-43895-0_61,2023,2,ca9cb667-1113-4051-811b-43e1f092ce34
Low-Dose CT Image Super-Resolution Network with Dual-Guidance Feature Distillation and Dual-Path Content Communication,"Jianning Chi, Zhiyi Sun, Tianli Zhao, Huan Wang, Xiaosheng Yu, Chengdong Wu",98-108,10.1007/978-3-031-43999-5_10,2023,10,b43acfa9-fca8-4b4d-92a3-075721f59f5c
M&M: Tackling False Positives in Mammography with a Multi-view and Multi-instance Learning Sparse Detector,"Yen Nhi Truong Vu, Dan Guo, Ahmed Taha, Jason Su, Thomas Paul Matthews",778-788,10.1007/978-3-031-43904-9_75,2023,5,ae17defb-9370-4968-8e1a-7f644871cd1e
MDViT: Multi-domain Vision Transformer for Small Medical Image Segmentation Datasets,"Siyi Du, Nourhan Bayasi, Ghassan Hamarneh, Rafeef Garbi",448-458,10.1007/978-3-031-43901-8_43,2023,4,c907afc4-74ae-4f7f-ad76-51fda666d742
MPBD-LSTM: A Predictive Model for Colorectal Liver Metastases Using Time Series Multi-phase Contrast-Enhanced CT Scans,"Xueyang Li, Han Xiao, Weixiang Weng, Xiaowei Xu, Yiyu Shi",379-388,10.1007/978-3-031-43987-2_37,2023,6,3b6e8bca-4999-42a0-9341-b68ba32e2e30
MSKdeX: Musculoskeletal (MSK) Decomposition from an X-Ray Image for Fine-Grained Estimation of Lean Muscle Mass and Muscle Volume,"Yi Gu, Yoshito Otake, Keisuke Uemura, Masaki Takao, Mazen Soufi, Yuta Hiasa et al.",497-507,10.1007/978-3-031-43990-2_47,2023,7,d4e77cc3-190d-42a4-a884-297c8a38a15e
MUVF-YOLOX: A Multi-modal Ultrasound Video Fusion Network for Renal Tumor Diagnosis,"Junyu Li, Han Huang, Dong Ni, Wufeng Xue, Dongmei Zhu, Jun Cheng",642-651,10.1007/978-3-031-43904-9_62,2023,5,638bf498-15d2-4345-99bb-d8d7aaea4278
Mammo-Net: Integrating Gaze Supervision and Interactive Information in Multi-view Mammogram Classification,"Changkai Ji, Changde Du, Qing Zhang, Sheng Wang, Chong Ma, Jiaming Xie et al.",68-78,10.1007/978-3-031-43990-2_7,2023,7,274e3eed-519d-4b86-87b9-a7124e917da2
Medical Boundary Diffusion Model for Skin Lesion Segmentation,"Jiacheng Wang, Jing Yang, Qichao Zhou, Liansheng Wang",427-436,10.1007/978-3-031-43901-8_41,2023,4,23275715-9a22-471b-8fa2-93eb21406256
Merging-Diverging Hybrid Transformer Networks for Survival Prediction in Head and Neck Cancer,"Mingyuan Meng, Lei Bi, Michael Fulham, Dagan Feng, Jinman Kim",400-410,10.1007/978-3-031-43987-2_39,2023,6,a1ae6aad-b284-414c-8f6e-f19712054e0b
Mesh2SSM: From Surface Meshes to Statistical Shape Models of Anatomy,"Krithika Iyer, Shireen Y. Elhabian",615-625,10.1007/978-3-031-43907-0_59,2023,1,e1d48437-32b7-4cd8-af10-fc9dfd2b9157
Mining Negative Temporal Contexts for False Positive Suppression in Real-Time Ultrasound Lesion Detection,"Haojun Yu, Youcheng Li, QuanLin Wu, Ziwei Zhao, Dengbo Chen, Dong Wang et al.",3-13,10.1007/978-3-031-43987-2_1,2023,6,b5e000e6-4dc4-4e3e-909d-7505dcbb9aa5
MixUp-MIL: Novel Data Augmentation for Multiple Instance Learning and a Study on Thyroid Cancer Diagnosis,"Michael Gadermayr, Lukas Koller, Maximilian Tschuchnig, Lea Maria Stangassinger, Christina Kreutzer, Sebastien Couillard-Despres et al.",477-486,10.1007/978-3-031-43987-2_46,2023,6,1ee0206c-e189-4800-8949-8bf922a47262
MoCoSR: Respiratory Motion Correction and Super-Resolution for 3D Abdominal MRI,"Weitong Zhang, Berke Basaran, Qingjie Meng, Matthew Baugh, Jonathan Stelter, Phillip Lung et al.",121-131,10.1007/978-3-031-43999-5_12,2023,10,327b9c5d-e52d-4fc9-a157-2a584e4825d0
Morphology-Inspired Unsupervised Gland Segmentation via Selective Semantic Grouping,"Qixiang Zhang, Yi Li, Cheng Xue, Xiaomeng Li",281-291,10.1007/978-3-031-43901-8_27,2023,4,45b9f681-2758-42ed-891b-4c088b91fd32
Multi-Head Multi-Loss Model Calibration,"Adrian Galdran, Johan W. Verjans, Gustavo Carneiro, Miguel A. González Ballester",108-117,10.1007/978-3-031-43898-1_11,2023,3,9d4b9356-dd65-4e1e-9cf0-14522ae26f45
Multi-modal Pathological Pre-training via Masked Autoencoders for Breast Cancer Diagnosis,"Mengkang Lu, Tianyi Wang, Yong Xia",457-466,10.1007/978-3-031-43987-2_44,2023,6,4183fb93-3be4-4d0e-bd2b-994b1e688905
Multi-scale Prototypical Transformer for Whole Slide Image Classification,"Saisai Ding, Jun Wang, Juncheng Li, Jun Shi",602-611,10.1007/978-3-031-43987-2_58,2023,6,fec7154e-36eb-48c3-9883-a1a8fa1fb942
Multi-scale Self-Supervised Learning for Longitudinal Lesion Tracking with Optional Supervision,"Anamaria Vizitiu, Antonia T. Mohaiu, Ioan M. Popdan, Abishek Balachandran, Florin C. Ghesu, Dorin Comaniciu",573-582,10.1007/978-3-031-43907-0_55,2023,1,7875aea2-f370-4ca6-943a-3abf5cf0e54b
Multi-scope Analysis Driven Hierarchical Graph Transformer for Whole Slide Image Based Cancer Survival Prediction,"Wentai Hou, Yan He, Bingjian Yao, Lequan Yu, Rongshan Yu, Feng Gao et al.",745-754,10.1007/978-3-031-43987-2_72,2023,6,58002c72-e9b3-4918-ad9a-4cd3b024a7f3
Multi-task Learning of Histology and Molecular Markers for Classifying Diffuse Glioma,"Xiaofei Wang, Stephen Price, Chao Li",551-561,10.1007/978-3-031-43990-2_52,2023,7,3423af09-cd81-49c7-898d-16f4a8c2756c
MultiTalent: A Multi-dataset Approach to Medical Image Segmentation,"Constantin Ulrich, Fabian Isensee, Tassilo Wald, Maximilian Zenk, Michael Baumgartner, Klaus H. Maier-Hein",648-658,10.1007/978-3-031-43898-1_62,2023,3,32273144-5c65-4f4c-b68f-220ef384ec8e
Multimodal CT and MR Segmentation of Head and Neck Organs-at-Risk,"Gasper Podobnik, Primoz Strojan, Primoz Peterlin, Bulat Ibragimov, Tomaz Vrtovec",745-755,10.1007/978-3-031-43901-8_71,2023,4,0c7e3e3e-f59d-4e10-acfd-aca7e71d77bd
Multiple Prompt Fusion for Zero-Shot Lesion Detection Using Vision-Language Models,"Miaotian Guo, Huahui Yi, Ziyuan Qin, Haiying Wang, Aidong Men, Qicheng Lao",283-292,10.1007/978-3-031-43904-9_28,2023,5,8b769772-f5fb-4ec0-8f50-55c8f82e806c
NASDM: Nuclei-Aware Semantic Histopathology Image Generation Using Diffusion Models,"Aman Shrivastava, P. Thomas Fletcher",786-796,10.1007/978-3-031-43987-2_76,2023,6,76a28d82-8c46-48d1-a37c-41cea879519f
Noise2Aliasing: Unsupervised Deep Learning for View Aliasing and Noise Reduction in 4DCBCT,"Samuele Papa, Efstratios Gavves, Jan-Jakob Sonke",481-490,10.1007/978-3-031-43999-5_46,2023,10,0815269e-8d6e-49c4-8129-c7dd47246343
OpenAL: An Efficient Deep Active Learning Framework for Open-Set Pathology Image Classification,"Linhao Qu, Yingfan Ma, Zhiwei Yang, Manning Wang, Zhijian Song",3-13,10.1007/978-3-031-43895-0_1,2023,2,14662794-9721-4866-abc3-d2a57cf4d227
Optical Coherence Elastography Needle for Biomechanical Characterization of Deep Tissue,"Robin Mieling, Sarah Latus, Martin Fischer, Finn Behrendt, Alexander Schlaefer",607-617,10.1007/978-3-031-43996-4_58,2023,9,a8862903-66e2-4faa-b43d-db6386d8357f
PET-Diffusion: Unsupervised PET Enhancement Based on the Latent Diffusion Model,"Caiwen Jiang, Yongsheng Pan, Mianxin Liu, Lei Ma, Xiao Zhang, Jiameng Liu et al.",3-12,10.1007/978-3-031-43907-0_1,2023,1,383cda59-ca48-438e-a730-ef773d15ebbb
PROnet: Point Refinement Using Shape-Guided Offset Map for Nuclei Instance Segmentation,"Siwoo Nam, Jaehoon Jeong, Miguel Luna, Philip Chikontwe, Sang Hyun Park",528-538,10.1007/978-3-031-43907-0_51,2023,1,6d16c5a9-6fdf-464b-b43c-4358047c0ea8
Parse and Recall: Towards Accurate Lung Nodule Malignancy Prediction Like Radiologists,"Jianpeng Zhang, Xianghua Ye, Jianfeng Zhang, Yuxing Tang, Minfeng Xu, Jianfei Guo et al.",199-209,10.1007/978-3-031-43904-9_20,2023,5,11392bd2-7a47-4f51-b570-dc3c7880e605
Pathology-and-Genomics Multimodal Transformer for Survival Outcome Prediction,"Kexin Ding, Mu Zhou, Dimitris N. Metaxas, Shaoting Zhang",622-631,10.1007/978-3-031-43987-2_60,2023,6,939d601f-4078-4081-bc24-0d0e8d55c69d
Patients and Slides are Equal: A Multi-level Multi-instance Learning Framework for Pathological Image Analysis,"Fei Li, Mingyu Wang, Bin Huang, Xiaoyu Duan, Zhuya Zhang, Ziyin Ye et al.",63-71,10.1007/978-3-031-43904-9_7,2023,5,edeb9c0d-dd60-44af-94b3-e42604e875bf
Pick the Best Pre-trained Model: Towards Transferability Estimation for Medical Image Segmentation,"Yuncheng Yang, Meng Wei, Junjun He, Jie Yang, Jin Ye, Yun Gu",674-683,10.1007/978-3-031-43907-0_64,2023,1,43f4e179-3f4a-4b27-9b2d-30d1ae4fddf4
Position-Aware Masked Autoencoder for Histopathology WSI Representation Learning,"Kun Wu, Yushan Zheng, Jun Shi, Fengying Xie, Zhiguo Jiang",714-724,10.1007/978-3-031-43987-2_69,2023,6,e6b9acd0-6264-47d0-bb39-c73a7f2ef833
Probabilistic Modeling Ensemble Vision Transformer Improves Complex Polyp Segmentation,"Tianyi Ling, Chengyi Wu, Huan Yu, Tian Cai, Da Wang, Yincong Zhou et al.",572-581,10.1007/978-3-031-43990-2_54,2023,7,adaf89c3-fe9f-47d0-9620-9f111c3eff56
Progressive Attention Guidance for Whole Slide Vulvovaginal Candidiasis Screening,"Jiangdong Cai, Honglin Xiong, Maosong Cao, Luyan Liu, Lichi Zhang, Qian Wang",233-242,10.1007/978-3-031-43987-2_23,2023,6,1ec580d3-6907-4f98-941c-e67e19b19587
Prompt-Based Grouping Transformer for Nucleus Detection and Classification,"Junjia Huang, Haofeng Li, Weijun Sun, Xiang Wan, Guanbin Li",569-579,10.1007/978-3-031-43993-3_55,2023,8,bb134b21-df62-479f-a22c-8d206f4e1ac5
Prompt-MIL: Boosting Multi-instance Learning Schemes via Task-Specific Prompt Tuning,"Jingwei Zhang, Saarthak Kapse, Ke Ma, Prateek Prasanna, Joel Saltz, Maria Vakalopoulou et al.",624-634,10.1007/978-3-031-43993-3_60,2023,8,a625b41e-bf75-4062-9adb-ec2164709e8f
Radiomics-Informed Deep Learning for Classification of Atrial Fibrillation Sub-Types from Left-Atrium CT Volumes,"Weihang Dai, Xiaomeng Li, Taihui Yu, Di Zhao, Jun Shen, Kwang-Ting Cheng",153-162,10.1007/978-3-031-43990-2_15,2023,7,168d887f-656d-47cd-b8ed-e79ad71f53ae
Regularized Kelvinlet Functions to Model Linear Elasticity for Image-to-Physical Registration of the Breast,"Morgan Ringel, Jon Heiselman, Winona Richey, Ingrid Meszoely, Michael Miga",344-353,10.1007/978-3-031-43996-4_33,2023,9,dc583458-39b0-4bb1-926a-db6a2e8ee082
Reveal to Revise: An Explainable AI Life Cycle for Iterative Bias Correction of Deep Models,"Frederik Pahde, Maximilian Dreyer, Wojciech Samek, Sebastian Lapuschkin",596-606,10.1007/978-3-031-43895-0_56,2023,2,7d5f5968-99fe-4dac-bc0c-11559b52cf96
Revealing Anatomical Structures in PET to Generate CT for Attenuation Correction,"Yongsheng Pan, Feihong Liu, Caiwen Jiang, Jiawei Huang, Yong Xia, Dinggang Shen",24-33,10.1007/978-3-031-43999-5_3,2023,10,41966356-c642-420a-be0a-141dbb1838a5
Revisiting Feature Propagation and Aggregation in Polyp Segmentation,"Yanzhou Su, Yiqing Shen, Jin Ye, Junjun He, Jian Cheng",632-641,10.1007/978-3-031-43904-9_61,2023,5,4ce234e6-d867-4e32-99b0-57ce4feeaede
Robust Cervical Abnormal Cell Detection via Distillation from Local-Scale Consistency Refinement,"Manman Fei, Xin Zhang, Maosong Cao, Zhenrong Shen, Xiangyu Zhao, Zhiyun Song et al.",652-661,10.1007/978-3-031-43987-2_63,2023,6,878eb69d-5d36-49ff-8b20-438717b506d7
Robust T-Loss for Medical Image Segmentation,"Alvaro Gonzalez-Jimenez, Simone Lionetti, Philippe Gottfrois, Fabian Gröger, Marc Pouly, Alexander A. Navarini",714-724,10.1007/978-3-031-43898-1_68,2023,3,e2c3e3a8-c6e1-448b-b51d-95928a5f8897
S2^2ME: Spatial-Spectral Mutual Teaching and Ensemble Learning for Scribble-Supervised Polyp Segmentation,"An Wang, Mengya Xu, Yang Zhang, Mobarakol Islam, Hongliang Ren",35-45,10.1007/978-3-031-43907-0_4,2023,1,3f5d783e-aaf9-4585-9c70-a5a7befff7fe
SHISRCNet: Super-Resolution and Classification Network for Low-Resolution Breast Cancer Histopathology Image,"Luyuan Xie, Cong Li, Zirui Wang, Xin Zhang, Boyan Chen, Qingni Shen et al.",23-32,10.1007/978-3-031-43904-9_3,2023,5,15561da4-47fe-44a1-802d-a41a316bf741
SLPD: Slide-Level Prototypical Distillation for WSIs,"Zhimiao Yu, Tiancheng Lin, Yi Xu",259-269,10.1007/978-3-031-43907-0_25,2023,1,a7581e81-4a67-4cd1-b598-240612cb25fc
SLPT: Selective Labeling Meets Prompt Tuning on Label-Limited Lesion Segmentation,"Fan Bai, Ke Yan, Xiaoyu Bai, Xinyu Mao, Xiaoli Yin, Jingren Zhou et al.",14-24,10.1007/978-3-031-43895-0_2,2023,2,ea6a6be7-fece-4043-bb7e-58e7bc525807
Scale-Aware Test-Time Click Adaptation for Pulmonary Nodule and Mass Segmentation,"Zhihao Li, Jiancheng Yang, Yongchao Xu, Li Zhang, Wenhui Dong, Bo Du",681-691,10.1007/978-3-031-43898-1_65,2023,3,a32f7745-d392-4333-82a9-a5b9a47784cb
Scribble-Based 3D Multiple Abdominal Organ Segmentation via Triple-Branch Multi-Dilated Network with Pixel- and Class-Wise Consistency,"Meng Han, Xiangde Luo, Wenjun Liao, Shichuan Zhang, Shaoting Zhang, Guotai Wang",33-42,10.1007/978-3-031-43990-2_4,2023,7,62b824ce-031e-4c55-9cda-08af882e63c4
Second-Course Esophageal Gross Tumor Volume Segmentation in CT with Prior Anatomical and Radiotherapy Information,"Yihua Sun, Hee Guan Khor, Sijuan Huang, Qi Chen, Shaobin Wang, Xin Yang et al.",511-520,10.1007/978-3-031-43990-2_48,2023,7,652b5754-8cfc-4dbf-bd4c-777205216154
Segment Membranes and Nuclei from Histopathological Images via Nuclei Point-Level Supervision,"Hansheng Li, Zhengyang Xu, Mo Zhou, Xiaoshuang Shi, Yuxin Kang, Qirong Bu et al.",539-548,10.1007/978-3-031-43987-2_52,2023,6,9a3a93ce-fa84-416b-824f-c8f4cd326c7c
Segmentation of Kidney Tumors on Non-Contrast CT Images Using Protuberance Detection Network,"Taro Hatsutani, Akimichi Ichinose, Keigo Nakamura, Yoshiro Kitamura",13-22,10.1007/978-3-031-43990-2_2,2023,7,afa5f321-814a-4782-b24f-9e2fe5c35d06
Self- and Semi-supervised Learning for Gastroscopic Lesion Detection,"Xuanye Zhang, Kaige Yin, Siqi Liu, Zhijie Feng, Xiaoguang Han, Guanbin Li et al.",83-93,10.1007/978-3-031-43904-9_9,2023,5,0e20da65-b8f7-456c-a0e8-7a6f2ce9798e
Self-Supervised Domain Adaptive Segmentation of Breast Cancer via Test-Time Fine-Tuning,"Kyungsu Lee, Haeyun Lee, Georges El Fakhri, Jonghye Woo, Jae Youn Hwang",539-550,10.1007/978-3-031-43907-0_52,2023,1,7d23e6c8-6092-4c2e-a976-73d31da9ac3a
Self-supervised Dense Representation Learning for Live-Cell Microscopy with Time Arrow Prediction,"Benjamin Gallusser, Max Stieber, Martin Weigert",537-547,10.1007/978-3-031-43993-3_52,2023,8,0156cbaf-a8c8-4336-850c-9c036e21e451
Self-supervised Learning for Endoscopic Video Analysis,"Roy Hirsch, Mathilde Caron, Regev Cohen, Amir Livne, Ron Shapiro, Tomer Golany et al.",569-578,10.1007/978-3-031-43904-9_55,2023,5,bfec4064-91c6-4ba7-87ee-8593e53b9e2d
Self-supervised Learning for Physiologically-Based Pharmacokinetic Modeling in Dynamic PET,"Francesca De Benetti, Walter Simson, Magdalini Paschali, Hasan Sari, Axel Rominger, Kuangyu Shi et al.",290-299,10.1007/978-3-031-43907-0_28,2023,1,ed7afe7c-0fbb-43b0-bbc6-a5fba705acbc
Self-supervised Learning via Inter-modal Reconstruction and Feature Projection Networks for Label-Efficient 3D-to-2D Segmentation,"Jose Morano, Guilherme Aresta, Dmitrii Lachinov, Julia Mai, Ursula Schmidt-Erfurth, Hrvoje Bogunovic",589-599,10.1007/978-3-031-43901-8_56,2023,4,bec5171e-9341-48f7-b490-6071c0880711
Self-supervised Polyp Re-identification in Colonoscopy,"Yotam Intrator, Natalie Aizenberg, Amir Livne, Ehud Rivlin, Roman Goldenberg",590-600,10.1007/978-3-031-43904-9_57,2023,5,9ee82e26-c89b-4e93-b9fa-8fd1b6c6b315
Semi-supervised Pathological Image Segmentation via Cross Distillation of Multiple Attentions,"Lanfeng Zhong, Xin Liao, Shaoting Zhang, Guotai Wang",570-579,10.1007/978-3-031-43987-2_55,2023,6,08bc2232-efa9-4135-983d-a0dbddef0cbf
Shifting More Attention to Breast Lesion Segmentation in Ultrasound Videos,"Junhao Lin, Qian Dai, Lei Zhu, Huazhu Fu, Qiong Wang, Weibin Li et al.",497-507,10.1007/978-3-031-43898-1_48,2023,3,59c32997-c0bd-4219-9403-0bc32760e681
SimPLe: Similarity-Aware Propagation Learning for Weakly-Supervised Breast Cancer Segmentation in DCE-MRI,"Yuming Zhong, Yi Wang",567-577,10.1007/978-3-031-43901-8_54,2023,4,5a5c10cb-484c-402f-8982-32a2626ff97e
Solving Low-Dose CT Reconstruction via GAN with Local Coherence,"Wenjie Liu, Hu Ding",524-534,10.1007/978-3-031-43999-5_50,2023,10,0d638b39-4a70-4dc3-aa6f-f09e415b9cd6
StructuRegNet: Structure-Guided Multimodal 2D-3D Registration,"Amaury Leroy, Alexandre Cafaro, Grégoire Gessain, Anne Champagnac, Vincent Grégoire, Eric Deutsch et al.",771-780,10.1007/978-3-031-43999-5_73,2023,10,cf424596-46a8-438c-b340-d3f57b749bce
Structure-Preserving Instance Segmentation via Skeleton-Aware Distance Transform,"Zudi Lin, Donglai Wei, Aarush Gupta, Xingyu Liu, Deqing Sun, Hanspeter Pfister",529-539,10.1007/978-3-031-43898-1_51,2023,3,f7c2ceb7-5ead-4d33-a069-dbf9c61947d3
Structure-Preserving Synthesis: MaskGAN for Unpaired MR-CT Translation,"Vu Minh Hieu Phan, Zhibin Liao, Johan W. Verjans, Minh-Son To",56-65,10.1007/978-3-031-43999-5_6,2023,10,ecb7a106-9789-4e22-bf83-9be6c95435fe
Structured State Space Models for Multiple Instance Learning in Digital Pathology,"Leo Fillioux, Joseph Boyd, Maria Vakalopoulou, Paul-henry Cournède, Stergios Christodoulidis",594-604,10.1007/978-3-031-43907-0_57,2023,1,ea35949e-a274-4c72-b6c9-7dbd36ed8f51
SwinUNETR-V2: Stronger Swin Transformers with Stagewise Convolutions for 3D Medical Image Segmentation,"Yufan He, Vishwesh Nath, Dong Yang, Yucheng Tang, Andriy Myronenko, Daguang Xu",416-426,10.1007/978-3-031-43901-8_40,2023,4,be567474-afc6-4899-906a-c7b28bf40d9b
Synthesis of Contrast-Enhanced Breast MRI Using T1- and Multi-b-Value DWI-Based Hierarchical Fusion Network with Attention Mechanism,"Tianyu Zhang, Luyi Han, Anna DAngelo, Xin Wang, Yuan Gao, Chunyao Lu et al.",79-88,10.1007/978-3-031-43990-2_8,2023,7,9d43810f-2066-43b8-a3c1-7c4f6b805fec
Synthetic Augmentation with Large-Scale Unconditional Pre-training,"Jiarong Ye, Haomiao Ni, Peng Jin, Sharon X. Huang, Yuan Xue",754-764,10.1007/978-3-031-43895-0_71,2023,2,6f9cb3b2-315a-4912-b0c4-36c68c6dae0f
TPRO: Text-Prompting-Based Weakly Supervised Histopathology Tissue Segmentation,"Shaoteng Zhang, Jianpeng Zhang, Yutong Xie, Yong Xia",109-118,10.1007/978-3-031-43907-0_11,2023,1,e441219a-c780-435d-aafe-100b97483542
Text-Guided Cross-Position Attention for Segmentation: Case of Medical Image,"Go-Eun Lee, Seon Ho Kim, Jungchan Cho, Sang Tae Choi, Sang-Il Choi",537-546,10.1007/978-3-031-43904-9_52,2023,5,e9e79031-a948-4068-a382-d5d152b0f3ec
Text-Guided Foundation Model Adaptation for Pathological Image Classification,"Yunkun Zhang, Jin Gao, Mu Zhou, Xiaosong Wang, Yu Qiao, Shaoting Zhang et al.",272-282,10.1007/978-3-031-43904-9_27,2023,5,ce4b6e38-e34f-4a0f-a3d6-8fb8f19f04dd
The Role of Subgroup Separability in Group-Fair Medical Image Classification,"Charles Jones, Mélanie Roschewitz, Ben Glocker",179-188,10.1007/978-3-031-43898-1_18,2023,3,f63e1b88-a741-493c-aa3d-861c586a0169
Thinking Like Sonographers: A Deep CNN Model for Diagnosing Gout from Musculoskeletal Ultrasound,"Zhi Cao, Weijing Zhang, Keke Chen, Di Zhao, Daoqiang Zhang, Hongen Liao et al.",159-168,10.1007/978-3-031-43987-2_16,2023,6,41a8175e-9a5b-46ad-9634-fd4402cc16ba
Thyroid Nodule Diagnosis in Dynamic Contrast-Enhanced Ultrasound via Microvessel Infiltration Awareness,"Haojie Han, Hongen Liao, Daoqiang Zhang, Wentao Kong, Fang Chen",169-179,10.1007/978-3-031-43987-2_17,2023,6,69693720-55a8-440e-9d97-0d356a3fe39b
Towards AI-Driven Radiology Education: A Self-supervised Segmentation-Based Framework for High-Precision Medical Image Editing,"Kazuma Kobayashi, Lin Gu, Ryuichiro Hataya, Mototaka Miyake, Yasuyuki Takamizawa, Sono Ito et al.",403-413,10.1007/978-3-031-43895-0_38,2023,2,fd220438-4a4a-437e-bc82-3720702fd39f
Towards Multi-modal Anatomical Landmark Detection for Ultrasound-Guided Brain Tumor Resection with Contrastive Learning,"Soorena Salari, Amirhossein Rasoulian, Hassan Rivaz, Yiming Xiao",668-678,10.1007/978-3-031-43996-4_64,2023,9,84d87901-a76f-4a82-be9b-26b315ea35e1
Towards Novel Class Discovery: A Study in Novel Skin Lesions Clustering,"Wei Feng, Lie Ju, Lin Wang, Kaimin Song, Zongyuan Ge",24-33,10.1007/978-3-031-43987-2_3,2023,6,6bdc8633-0acf-4a52-8cc0-b891b673034a
Trackerless Volume Reconstruction from Intraoperative Ultrasound Images,"Sidaty El hadramy, Juan Verde, Karl-Philippe Beaudet, Nicolas Padoy, Stéphane Cotin",303-312,10.1007/978-3-031-43999-5_29,2023,10,04806a5f-1c33-4088-b127-5ba523b7b165
Tracking Adaptation to Improve SuperPoint for 3D Reconstruction in Endoscopy,"O. León Barbed, José M. M. Montiel, Pascal Fua, Ana C. Murillo",583-593,10.1007/978-3-031-43907-0_56,2023,1,a6d71bd9-d807-4bdd-b648-a50f2ed0028c
TransLiver: A Hybrid Transformer Model for Multi-phase Liver Lesion Classification,"Xierui Wang, Hanning Ying, Xiaoyin Xu, Xiujun Cai, Min Zhang",329-338,10.1007/978-3-031-43895-0_31,2023,2,20f7dfc3-a614-4711-8abb-6d13e1e8dad3
TransNuSeg: A Lightweight Multi-task Transformer for Nuclei Segmentation,"Zhenqi He, Mathias Unberath, Jing Ke, Yiqing Shen",206-215,10.1007/978-3-031-43901-8_20,2023,4,d845471e-caff-4589-a176-4ed8741095a7
Transfer Learning-Assisted Survival Analysis of Breast Cancer Relying on the Spatial Interaction Between Tumor-Infiltrating Lymphocytes and Tumors,"Yawen Wu, Yingli Zuo, Qi Zhu, Jianpeng Sheng, Daoqiang Zhang, Wei Shao",612-621,10.1007/978-3-031-43987-2_59,2023,6,148b1652-f52b-49a2-b5f0-cc3ae0a5a440
Triangular Analysis of Geographical Interplay of Lymphocytes (TriAnGIL): Predicting Immunotherapy Response in Lung Cancer,"Sara Arabyarmohammadi, German Corredor, Yufei Zhou, Miguel López de Rodas, Kurt Schalper, Anant Madabhushi",797-807,10.1007/978-3-031-43987-2_77,2023,6,985a8e2c-4cb0-4d69-931b-db42bf128134
Uncertainty-Informed Mutual Learning for Joint Medical Image Classification and Segmentation,"Kai Ren, Ke Zou, Xianjie Liu, Yidi Chen, Xuedong Yuan, Xiaojing Shen et al.",35-45,10.1007/978-3-031-43901-8_4,2023,4,baab5dca-b382-4611-b8fb-8e553138c09c
Understanding Silent Failures in Medical Image Classification,"Till J. Bungert, Levin Kobelke, Paul F. Jäger",400-410,10.1007/978-3-031-43898-1_39,2023,3,8decd265-16d7-43fc-b2c8-3e4b369316a4
Unpaired Cross-Modal Interaction Learning for COVID-19 Segmentation on Limited CT Images,"Qingbiao Guan, Yutong Xie, Bing Yang, Jianpeng Zhang, Zhibin Liao, Qi Wu et al.",603-613,10.1007/978-3-031-43898-1_58,2023,3,39cecb9a-8740-4c0d-9027-70a99c3476d9
VesselVAE: Recursive Variational Autoencoders for 3D Blood Vessel Synthesis,"Paula Feldman, Miguel Fainstein, Viviana Siless, Claudio Delrieux, Emmanuel Iarussi",67-76,10.1007/978-3-031-43907-0_7,2023,1,4ce7e951-5a49-4162-83fd-2a5b801455e1
WeakPolyp: You only Look Bounding Box for Polyp Segmentation,"Jun Wei, Yiwen Hu, Shuguang Cui, S. Kevin Zhou, Zhen Li",757-766,10.1007/978-3-031-43898-1_72,2023,3,dcb663fe-ba60-4d01-bcbb-955fc9814e26
Weakly-Supervised Positional Contrastive Learning: Application to Cirrhosis Classification,"Emma Sarfati, Alexandre Bône, Marc-Michel Rohé, Pietro Gori, Isabelle Bloch",227-237,10.1007/978-3-031-43907-0_22,2023,1,c57259d6-6ab1-4a53-b5e7-9c7ae34a345d
X2Vision: 3D CT Reconstruction from Biplanar X-Rays with Deep Structure Prior,"Alexandre Cafaro, Quentin Spinat, Amaury Leroy, Pauline Maury, Alexandre Munoz, Guillaume Beldjoudi et al.",699-709,10.1007/978-3-031-43999-5_66,2023,10,286e9d79-c21f-4f96-aceb-341033d8467b
YONA: You Only Need One Adjacent Reference-Frame for Accurate and Fast Video Polyp Detection,"Yuncheng Jiang, Zixun Zhang, Ruimao Zhang, Guanbin Li, Shuguang Cui, Zhen Li",44-54,10.1007/978-3-031-43904-9_5,2023,5,c6e90def-5045-4c63-91cf-f96abb6a0037
vox2vec: A Framework for Self-supervised Contrastive Learning of Voxel-Level Representations in Medical Images,"Mikhail Goncharov, Vera Soboleva, Anvar Kurmukov, Maxim Pisov, Mikhail Belyaev",605-614,10.1007/978-3-031-43907-0_58,2023,1,06fd22dd-0d15-4ae6-a37d-0cdf6b429927
